[{"model": "admin.logentry", "pk": 1, "fields": {"action_time": "2025-02-17T18:45:26.766Z", "user": 1, "content_type": 11, "object_id": "4", "object_repr": "Order 4 by brogandaisy", "action_flag": 2, "change_message": "[{\"changed\": {\"fields\": [\"User\"]}}]"}}, {"model": "admin.logentry", "pk": 2, "fields": {"action_time": "2025-02-17T21:59:53.663Z", "user": 1, "content_type": 7, "object_id": "1", "object_repr": "BrightonGlow Candle", "action_flag": 3, "change_message": ""}}, {"model": "admin.logentry", "pk": 3, "fields": {"action_time": "2025-02-21T18:51:42.018Z", "user": 1, "content_type": 11, "object_id": "44", "object_repr": "Order 44 by brogancarpenter", "action_flag": 3, "change_message": ""}}, {"model": "admin.logentry", "pk": 4, "fields": {"action_time": "2025-02-21T18:51:42.018Z", "user": 1, "content_type": 11, "object_id": "43", "object_repr": "Order 43 by brogancarpenter", "action_flag": 3, "change_message": ""}}, {"model": "admin.logentry", "pk": 5, "fields": {"action_time": "2025-02-21T18:51:42.018Z", "user": 1, "content_type": 11, "object_id": "42", "object_repr": "Order 42 by brogancarpenter", "action_flag": 3, "change_message": ""}}, {"model": "admin.logentry", "pk": 6, "fields": {"action_time": "2025-02-21T18:51:42.018Z", "user": 1, "content_type": 11, "object_id": "41", "object_repr": "Order 41 by brogancarpenter", "action_flag": 3, "change_message": ""}}, {"model": "admin.logentry", "pk": 7, "fields": {"action_time": "2025-02-21T18:51:42.018Z", "user": 1, "content_type": 11, "object_id": "40", "object_repr": "Order 40 by brogancarpenter", "action_flag": 3, "change_message": ""}}, {"model": "admin.logentry", "pk": 8, "fields": {"action_time": "2025-02-21T18:51:42.018Z", "user": 1, "content_type": 11, "object_id": "39", "object_repr": "Order 39 by brogancarpenter", "action_flag": 3, "change_message": ""}}, {"model": "admin.logentry", "pk": 9, "fields": {"action_time": "2025-02-21T18:51:42.018Z", "user": 1, "content_type": 11, "object_id": "38", "object_repr": "Order 38 by brogancarpenter", "action_flag": 3, "change_message": ""}}, {"model": "admin.logentry", "pk": 10, "fields": {"action_time": "2025-02-21T18:51:42.018Z", "user": 1, "content_type": 11, "object_id": "37", "object_repr": "Order 37 by brogancarpenter", "action_flag": 3, "change_message": ""}}, {"model": "admin.logentry", "pk": 11, "fields": {"action_time": "2025-02-21T18:51:42.018Z", "user": 1, "content_type": 11, "object_id": "36", "object_repr": "Order 36 by brogancarpenter", "action_flag": 3, "change_message": ""}}, {"model": "admin.logentry", "pk": 12, "fields": {"action_time": "2025-02-21T18:51:42.018Z", "user": 1, "content_type": 11, "object_id": "35", "object_repr": "Order 35 by brogancarpenter", "action_flag": 3, "change_message": ""}}, {"model": "admin.logentry", "pk": 13, "fields": {"action_time": "2025-02-21T18:51:42.019Z", "user": 1, "content_type": 11, "object_id": "34", "object_repr": "Order 34 by brogancarpenter", "action_flag": 3, "change_message": ""}}, {"model": "admin.logentry", "pk": 14, "fields": {"action_time": "2025-02-21T18:51:42.019Z", "user": 1, "content_type": 11, "object_id": "33", "object_repr": "Order 33 by brogancarpenter", "action_flag": 3, "change_message": ""}}, {"model": "admin.logentry", "pk": 15, "fields": {"action_time": "2025-02-21T18:51:42.019Z", "user": 1, "content_type": 11, "object_id": "32", "object_repr": "Order 32 by brogancarpenter", "action_flag": 3, "change_message": ""}}, {"model": "admin.logentry", "pk": 16, "fields": {"action_time": "2025-02-21T18:51:42.019Z", "user": 1, "content_type": 11, "object_id": "31", "object_repr": "Order 31 by brogancarpenter", "action_flag": 3, "change_message": ""}}, {"model": "admin.logentry", "pk": 17, "fields": {"action_time": "2025-02-21T18:51:42.019Z", "user": 1, "content_type": 11, "object_id": "30", "object_repr": "Order 30 by brogancarpenter", "action_flag": 3, "change_message": ""}}, {"model": "admin.logentry", "pk": 18, "fields": {"action_time": "2025-02-21T18:51:42.019Z", "user": 1, "content_type": 11, "object_id": "29", "object_repr": "Order 29 by brogancarpenter", "action_flag": 3, "change_message": ""}}, {"model": "admin.logentry", "pk": 19, "fields": {"action_time": "2025-02-21T18:51:42.019Z", "user": 1, "content_type": 11, "object_id": "28", "object_repr": "Order 28 by brogancarpenter", "action_flag": 3, "change_message": ""}}, {"model": "admin.logentry", "pk": 20, "fields": {"action_time": "2025-02-21T18:51:42.019Z", "user": 1, "content_type": 11, "object_id": "26", "object_repr": "Order 26 by brogancarpenter", "action_flag": 3, "change_message": ""}}, {"model": "admin.logentry", "pk": 21, "fields": {"action_time": "2025-02-21T18:51:42.019Z", "user": 1, "content_type": 11, "object_id": "25", "object_repr": "Order 25 by brogancarpenter", "action_flag": 3, "change_message": ""}}, {"model": "admin.logentry", "pk": 22, "fields": {"action_time": "2025-02-21T18:51:42.019Z", "user": 1, "content_type": 11, "object_id": "24", "object_repr": "Order 24 by brogancarpenter", "action_flag": 3, "change_message": ""}}, {"model": "admin.logentry", "pk": 23, "fields": {"action_time": "2025-02-21T18:51:42.019Z", "user": 1, "content_type": 11, "object_id": "23", "object_repr": "Order 23 by brogancarpenter", "action_flag": 3, "change_message": ""}}, {"model": "admin.logentry", "pk": 24, "fields": {"action_time": "2025-02-21T18:51:42.019Z", "user": 1, "content_type": 11, "object_id": "22", "object_repr": "Order 22 by brogancarpenter", "action_flag": 3, "change_message": ""}}, {"model": "admin.logentry", "pk": 25, "fields": {"action_time": "2025-02-21T18:51:42.019Z", "user": 1, "content_type": 11, "object_id": "21", "object_repr": "Order 21 by brogancarpenter", "action_flag": 3, "change_message": ""}}, {"model": "admin.logentry", "pk": 26, "fields": {"action_time": "2025-02-21T18:51:42.019Z", "user": 1, "content_type": 11, "object_id": "19", "object_repr": "Order 19 by brogancarpenter", "action_flag": 3, "change_message": ""}}, {"model": "admin.logentry", "pk": 27, "fields": {"action_time": "2025-02-21T18:51:42.019Z", "user": 1, "content_type": 11, "object_id": "18", "object_repr": "Order 18 by brogancarpenter", "action_flag": 3, "change_message": ""}}, {"model": "admin.logentry", "pk": 28, "fields": {"action_time": "2025-02-21T18:51:42.019Z", "user": 1, "content_type": 11, "object_id": "17", "object_repr": "Order 17 by brogancarpenter", "action_flag": 3, "change_message": ""}}, {"model": "admin.logentry", "pk": 29, "fields": {"action_time": "2025-02-21T18:51:42.019Z", "user": 1, "content_type": 11, "object_id": "16", "object_repr": "Order 16 by brogancarpenter", "action_flag": 3, "change_message": ""}}, {"model": "admin.logentry", "pk": 30, "fields": {"action_time": "2025-02-21T18:51:42.019Z", "user": 1, "content_type": 11, "object_id": "15", "object_repr": "Order 15 by brogancarpenter", "action_flag": 3, "change_message": ""}}, {"model": "admin.logentry", "pk": 31, "fields": {"action_time": "2025-02-21T18:51:42.019Z", "user": 1, "content_type": 11, "object_id": "14", "object_repr": "Order 14 by brogancarpenter", "action_flag": 3, "change_message": ""}}, {"model": "admin.logentry", "pk": 32, "fields": {"action_time": "2025-02-21T18:51:42.019Z", "user": 1, "content_type": 11, "object_id": "13", "object_repr": "Order 13 by brogancarpenter", "action_flag": 3, "change_message": ""}}, {"model": "admin.logentry", "pk": 33, "fields": {"action_time": "2025-02-21T18:51:42.019Z", "user": 1, "content_type": 11, "object_id": "12", "object_repr": "Order 12 by brogancarpenter", "action_flag": 3, "change_message": ""}}, {"model": "admin.logentry", "pk": 34, "fields": {"action_time": "2025-02-21T18:51:42.019Z", "user": 1, "content_type": 11, "object_id": "11", "object_repr": "Order 11 by brogancarpenter", "action_flag": 3, "change_message": ""}}, {"model": "admin.logentry", "pk": 35, "fields": {"action_time": "2025-02-21T18:51:42.019Z", "user": 1, "content_type": 11, "object_id": "10", "object_repr": "Order 10 by brogancarpenter", "action_flag": 3, "change_message": ""}}, {"model": "admin.logentry", "pk": 36, "fields": {"action_time": "2025-02-21T18:51:42.019Z", "user": 1, "content_type": 11, "object_id": "9", "object_repr": "Order 9 by brogancarpenter", "action_flag": 3, "change_message": ""}}, {"model": "admin.logentry", "pk": 37, "fields": {"action_time": "2025-02-21T18:51:42.019Z", "user": 1, "content_type": 11, "object_id": "8", "object_repr": "Order 8 by brogancarpenter", "action_flag": 3, "change_message": ""}}, {"model": "admin.logentry", "pk": 38, "fields": {"action_time": "2025-02-21T18:51:42.019Z", "user": 1, "content_type": 11, "object_id": "7", "object_repr": "Order 7 by brogancarpenter", "action_flag": 3, "change_message": ""}}, {"model": "admin.logentry", "pk": 39, "fields": {"action_time": "2025-02-21T18:51:42.019Z", "user": 1, "content_type": 11, "object_id": "6", "object_repr": "Order 6 by brogancarpenter", "action_flag": 3, "change_message": ""}}, {"model": "admin.logentry", "pk": 40, "fields": {"action_time": "2025-02-21T18:51:42.019Z", "user": 1, "content_type": 11, "object_id": "5", "object_repr": "Order 5 by brogancarpenter", "action_flag": 3, "change_message": ""}}, {"model": "admin.logentry", "pk": 41, "fields": {"action_time": "2025-02-21T18:51:42.019Z", "user": 1, "content_type": 11, "object_id": "3", "object_repr": "Order 3 by brogancarpenter", "action_flag": 3, "change_message": ""}}, {"model": "admin.logentry", "pk": 42, "fields": {"action_time": "2025-02-21T18:51:42.019Z", "user": 1, "content_type": 11, "object_id": "2", "object_repr": "Order 2 by brogancarpenter", "action_flag": 3, "change_message": ""}}, {"model": "admin.logentry", "pk": 43, "fields": {"action_time": "2025-02-21T18:51:42.019Z", "user": 1, "content_type": 11, "object_id": "1", "object_repr": "Order 1 by brogancarpenter", "action_flag": 3, "change_message": ""}}, {"model": "admin.logentry", "pk": 44, "fields": {"action_time": "2025-02-28T22:33:02.871Z", "user": 1, "content_type": 7, "object_id": "12", "object_repr": "Overnight Set", "action_flag": 2, "change_message": "[{\"changed\": {\"fields\": [\"Image\"]}}]"}}, {"model": "admin.logentry", "pk": 45, "fields": {"action_time": "2025-02-28T22:33:15.524Z", "user": 1, "content_type": 7, "object_id": "11", "object_repr": "The Starter Set", "action_flag": 2, "change_message": "[{\"changed\": {\"fields\": [\"Image\"]}}]"}}, {"model": "admin.logentry", "pk": 46, "fields": {"action_time": "2025-02-28T22:33:33.162Z", "user": 1, "content_type": 7, "object_id": "10", "object_repr": "Hydration Mask", "action_flag": 2, "change_message": "[{\"changed\": {\"fields\": [\"Image\"]}}]"}}, {"model": "admin.logentry", "pk": 47, "fields": {"action_time": "2025-02-28T22:33:49.035Z", "user": 1, "content_type": 7, "object_id": "9", "object_repr": "Clay Mask", "action_flag": 2, "change_message": "[{\"changed\": {\"fields\": [\"Image\"]}}]"}}, {"model": "admin.logentry", "pk": 48, "fields": {"action_time": "2025-02-28T22:34:02.971Z", "user": 1, "content_type": 7, "object_id": "8", "object_repr": "Hyaluronic Acid Serum", "action_flag": 2, "change_message": "[{\"changed\": {\"fields\": [\"Image\"]}}]"}}, {"model": "admin.logentry", "pk": 49, "fields": {"action_time": "2025-02-28T22:34:11.942Z", "user": 1, "content_type": 7, "object_id": "7", "object_repr": "Retinal Serum", "action_flag": 2, "change_message": "[{\"changed\": {\"fields\": [\"Image\"]}}]"}}, {"model": "admin.logentry", "pk": 50, "fields": {"action_time": "2025-02-28T22:34:19.259Z", "user": 1, "content_type": 7, "object_id": "6", "object_repr": "Vitamin C Serum", "action_flag": 2, "change_message": "[{\"changed\": {\"fields\": [\"Image\"]}}]"}}, {"model": "admin.logentry", "pk": 51, "fields": {"action_time": "2025-02-28T22:34:26.202Z", "user": 1, "content_type": 7, "object_id": "5", "object_repr": "Night Cream", "action_flag": 2, "change_message": "[{\"changed\": {\"fields\": [\"Image\"]}}]"}}, {"model": "admin.logentry", "pk": 52, "fields": {"action_time": "2025-02-28T22:34:32.326Z", "user": 1, "content_type": 7, "object_id": "4", "object_repr": "Day Cream", "action_flag": 2, "change_message": "[{\"changed\": {\"fields\": [\"Image\"]}}]"}}, {"model": "admin.logentry", "pk": 53, "fields": {"action_time": "2025-02-28T22:34:40.503Z", "user": 1, "content_type": 7, "object_id": "3", "object_repr": "Oil Face Cleanser", "action_flag": 2, "change_message": "[{\"changed\": {\"fields\": [\"Image\"]}}]"}}, {"model": "admin.logentry", "pk": 54, "fields": {"action_time": "2025-02-28T22:34:46.474Z", "user": 1, "content_type": 7, "object_id": "2", "object_repr": "Foam Face Cleanser", "action_flag": 2, "change_message": "[{\"changed\": {\"fields\": [\"Image\"]}}]"}}, {"model": "admin.logentry", "pk": 55, "fields": {"action_time": "2025-02-28T22:36:19.568Z", "user": 1, "content_type": 7, "object_id": "2", "object_repr": "Foam Face Cleanser", "action_flag": 2, "change_message": "[{\"changed\": {\"fields\": [\"Price\"]}}]"}}, {"model": "admin.logentry", "pk": 56, "fields": {"action_time": "2025-03-02T07:32:30.485Z", "user": 1, "content_type": 7, "object_id": "12", "object_repr": "Overnight Set", "action_flag": 2, "change_message": "[{\"changed\": {\"fields\": [\"Skin type\"]}}]"}}, {"model": "admin.logentry", "pk": 57, "fields": {"action_time": "2025-03-02T07:32:36.947Z", "user": 1, "content_type": 7, "object_id": "11", "object_repr": "The Starter Set", "action_flag": 2, "change_message": "[{\"changed\": {\"fields\": [\"Skin type\"]}}]"}}, {"model": "admin.logentry", "pk": 58, "fields": {"action_time": "2025-03-02T07:32:44.069Z", "user": 1, "content_type": 7, "object_id": "10", "object_repr": "Hydration Mask", "action_flag": 2, "change_message": "[{\"changed\": {\"fields\": [\"Skin type\"]}}]"}}, {"model": "admin.logentry", "pk": 59, "fields": {"action_time": "2025-03-02T07:32:49.041Z", "user": 1, "content_type": 7, "object_id": "9", "object_repr": "Clay Mask", "action_flag": 2, "change_message": "[{\"changed\": {\"fields\": [\"Skin type\"]}}]"}}, {"model": "admin.logentry", "pk": 60, "fields": {"action_time": "2025-03-02T07:32:53.829Z", "user": 1, "content_type": 7, "object_id": "8", "object_repr": "Hyaluronic Acid Serum", "action_flag": 2, "change_message": "[{\"changed\": {\"fields\": [\"Skin type\"]}}]"}}, {"model": "admin.logentry", "pk": 61, "fields": {"action_time": "2025-03-02T07:32:58.539Z", "user": 1, "content_type": 7, "object_id": "7", "object_repr": "Retinal Serum", "action_flag": 2, "change_message": "[{\"changed\": {\"fields\": [\"Skin type\"]}}]"}}, {"model": "admin.logentry", "pk": 62, "fields": {"action_time": "2025-03-02T07:33:03.004Z", "user": 1, "content_type": 7, "object_id": "7", "object_repr": "Retinal Serum", "action_flag": 2, "change_message": "[{\"changed\": {\"fields\": [\"Skin type\"]}}]"}}, {"model": "admin.logentry", "pk": 63, "fields": {"action_time": "2025-03-02T07:33:07.552Z", "user": 1, "content_type": 7, "object_id": "6", "object_repr": "Vitamin C Serum", "action_flag": 2, "change_message": "[{\"changed\": {\"fields\": [\"Skin type\"]}}]"}}, {"model": "admin.logentry", "pk": 64, "fields": {"action_time": "2025-03-02T07:33:11.706Z", "user": 1, "content_type": 7, "object_id": "5", "object_repr": "Night Cream", "action_flag": 2, "change_message": "[{\"changed\": {\"fields\": [\"Skin type\"]}}]"}}, {"model": "admin.logentry", "pk": 65, "fields": {"action_time": "2025-03-02T07:33:16.622Z", "user": 1, "content_type": 7, "object_id": "4", "object_repr": "Day Cream", "action_flag": 2, "change_message": "[{\"changed\": {\"fields\": [\"Skin type\"]}}]"}}, {"model": "admin.logentry", "pk": 66, "fields": {"action_time": "2025-03-02T07:33:21.396Z", "user": 1, "content_type": 7, "object_id": "3", "object_repr": "Oil Face Cleanser", "action_flag": 2, "change_message": "[{\"changed\": {\"fields\": [\"Skin type\"]}}]"}}, {"model": "admin.logentry", "pk": 67, "fields": {"action_time": "2025-03-02T07:33:25.648Z", "user": 1, "content_type": 7, "object_id": "2", "object_repr": "Foam Face Cleanser", "action_flag": 2, "change_message": "[{\"changed\": {\"fields\": [\"Skin type\"]}}]"}}, {"model": "admin.logentry", "pk": 68, "fields": {"action_time": "2025-03-02T08:14:41.113Z", "user": 1, "content_type": 7, "object_id": "12", "object_repr": "Overnight Set", "action_flag": 2, "change_message": "[{\"changed\": {\"fields\": [\"Skin types\"]}}]"}}, {"model": "admin.logentry", "pk": 69, "fields": {"action_time": "2025-03-02T08:14:54.362Z", "user": 1, "content_type": 7, "object_id": "11", "object_repr": "The Starter Set", "action_flag": 2, "change_message": "[{\"changed\": {\"fields\": [\"Skin types\"]}}]"}}, {"model": "admin.logentry", "pk": 70, "fields": {"action_time": "2025-03-02T08:19:56.416Z", "user": 1, "content_type": 7, "object_id": "10", "object_repr": "Hydration Mask", "action_flag": 2, "change_message": "[{\"changed\": {\"fields\": [\"Skin types\"]}}]"}}, {"model": "admin.logentry", "pk": 71, "fields": {"action_time": "2025-03-02T08:20:03.842Z", "user": 1, "content_type": 7, "object_id": "9", "object_repr": "Clay Mask", "action_flag": 2, "change_message": "[{\"changed\": {\"fields\": [\"Skin types\"]}}]"}}, {"model": "admin.logentry", "pk": 72, "fields": {"action_time": "2025-03-02T08:20:16.252Z", "user": 1, "content_type": 7, "object_id": "8", "object_repr": "Hyaluronic Acid Serum", "action_flag": 2, "change_message": "[{\"changed\": {\"fields\": [\"Skin types\"]}}]"}}, {"model": "admin.logentry", "pk": 73, "fields": {"action_time": "2025-03-02T08:20:23.994Z", "user": 1, "content_type": 7, "object_id": "7", "object_repr": "Retinal Serum", "action_flag": 2, "change_message": "[{\"changed\": {\"fields\": [\"Skin types\"]}}]"}}, {"model": "admin.logentry", "pk": 74, "fields": {"action_time": "2025-03-02T08:20:34.222Z", "user": 1, "content_type": 7, "object_id": "6", "object_repr": "Vitamin C Serum", "action_flag": 2, "change_message": "[{\"changed\": {\"fields\": [\"Skin types\"]}}]"}}, {"model": "admin.logentry", "pk": 75, "fields": {"action_time": "2025-03-02T08:20:40.772Z", "user": 1, "content_type": 7, "object_id": "5", "object_repr": "Night Cream", "action_flag": 2, "change_message": "[{\"changed\": {\"fields\": [\"Skin types\"]}}]"}}, {"model": "admin.logentry", "pk": 76, "fields": {"action_time": "2025-03-02T08:20:47.695Z", "user": 1, "content_type": 7, "object_id": "4", "object_repr": "Day Cream", "action_flag": 2, "change_message": "[{\"changed\": {\"fields\": [\"Skin types\"]}}]"}}, {"model": "admin.logentry", "pk": 77, "fields": {"action_time": "2025-03-02T08:20:57.483Z", "user": 1, "content_type": 7, "object_id": "3", "object_repr": "Oil Face Cleanser", "action_flag": 2, "change_message": "[{\"changed\": {\"fields\": [\"Skin types\"]}}]"}}, {"model": "admin.logentry", "pk": 78, "fields": {"action_time": "2025-03-02T08:21:06.333Z", "user": 1, "content_type": 7, "object_id": "2", "object_repr": "Foam Face Cleanser", "action_flag": 2, "change_message": "[{\"changed\": {\"fields\": [\"Skin types\"]}}]"}}, {"model": "admin.logentry", "pk": 79, "fields": {"action_time": "2025-03-03T22:23:16.117Z", "user": 1, "content_type": 11, "object_id": "92", "object_repr": "Order 92 - brogandaisy@gmail.com", "action_flag": 2, "change_message": "[{\"changed\": {\"fields\": [\"Status\"]}}]"}}, {"model": "admin.logentry", "pk": 80, "fields": {"action_time": "2025-03-03T22:26:10.971Z", "user": 1, "content_type": 11, "object_id": "82", "object_repr": "Order 82 - brogancarpenter", "action_flag": 2, "change_message": "[{\"changed\": {\"fields\": [\"Status\"]}}]"}}, {"model": "admin.logentry", "pk": 81, "fields": {"action_time": "2025-03-03T22:26:38.968Z", "user": 1, "content_type": 11, "object_id": "82", "object_repr": "Order 82 - brogancarpenter", "action_flag": 2, "change_message": "[{\"changed\": {\"fields\": [\"Status\"]}}]"}}, {"model": "admin.logentry", "pk": 82, "fields": {"action_time": "2025-03-03T23:19:07.368Z", "user": 1, "content_type": 7, "object_id": "2", "object_repr": "Foam Face Cleanser", "action_flag": 2, "change_message": "[{\"changed\": {\"fields\": [\"Price\"]}}]"}}, {"model": "admin.logentry", "pk": 83, "fields": {"action_time": "2025-03-03T23:19:28.265Z", "user": 1, "content_type": 11, "object_id": "91", "object_repr": "Order 91 - brogandaisy@gmail.com", "action_flag": 2, "change_message": "[{\"changed\": {\"fields\": [\"Status\"]}}]"}}, {"model": "admin.logentry", "pk": 84, "fields": {"action_time": "2025-03-04T18:10:53.698Z", "user": 1, "content_type": 11, "object_id": "115", "object_repr": "Order 115 - brogandaisy", "action_flag": 3, "change_message": ""}}, {"model": "admin.logentry", "pk": 85, "fields": {"action_time": "2025-03-04T18:10:53.698Z", "user": 1, "content_type": 11, "object_id": "114", "object_repr": "Order 114 - brogandaisy", "action_flag": 3, "change_message": ""}}, {"model": "admin.logentry", "pk": 86, "fields": {"action_time": "2025-03-04T18:10:53.698Z", "user": 1, "content_type": 11, "object_id": "110", "object_repr": "Order 110 - brogandaisy", "action_flag": 3, "change_message": ""}}, {"model": "admin.logentry", "pk": 87, "fields": {"action_time": "2025-03-04T18:10:53.698Z", "user": 1, "content_type": 11, "object_id": "101", "object_repr": "Order 101 - brogancarpenter", "action_flag": 3, "change_message": ""}}, {"model": "admin.logentry", "pk": 88, "fields": {"action_time": "2025-03-04T18:10:53.698Z", "user": 1, "content_type": 11, "object_id": "100", "object_repr": "Order 100 - brogancarpenter", "action_flag": 3, "change_message": ""}}, {"model": "admin.logentry", "pk": 89, "fields": {"action_time": "2025-03-04T18:10:53.698Z", "user": 1, "content_type": 11, "object_id": "97", "object_repr": "Order 97 - Guest", "action_flag": 3, "change_message": ""}}, {"model": "admin.logentry", "pk": 90, "fields": {"action_time": "2025-03-04T18:10:53.698Z", "user": 1, "content_type": 11, "object_id": "95", "object_repr": "Order 95 - virtogulmu", "action_flag": 3, "change_message": ""}}, {"model": "admin.logentry", "pk": 91, "fields": {"action_time": "2025-03-04T18:11:50.699Z", "user": 1, "content_type": 11, "object_id": "113", "object_repr": "Order 113 - brogandaisy", "action_flag": 3, "change_message": ""}}, {"model": "admin.logentry", "pk": 92, "fields": {"action_time": "2025-03-04T18:11:50.699Z", "user": 1, "content_type": 11, "object_id": "106", "object_repr": "Order 106 - Guest", "action_flag": 3, "change_message": ""}}, {"model": "admin.logentry", "pk": 93, "fields": {"action_time": "2025-03-04T18:11:50.699Z", "user": 1, "content_type": 11, "object_id": "105", "object_repr": "Order 105 - Guest", "action_flag": 3, "change_message": ""}}, {"model": "admin.logentry", "pk": 94, "fields": {"action_time": "2025-03-04T18:11:50.699Z", "user": 1, "content_type": 11, "object_id": "104", "object_repr": "Order 104 - Guest", "action_flag": 3, "change_message": ""}}, {"model": "admin.logentry", "pk": 95, "fields": {"action_time": "2025-03-04T18:11:50.699Z", "user": 1, "content_type": 11, "object_id": "103", "object_repr": "Order 103 - Guest", "action_flag": 3, "change_message": ""}}, {"model": "admin.logentry", "pk": 96, "fields": {"action_time": "2025-03-04T18:11:50.699Z", "user": 1, "content_type": 11, "object_id": "99", "object_repr": "Order 99 - Guest", "action_flag": 3, "change_message": ""}}, {"model": "admin.logentry", "pk": 97, "fields": {"action_time": "2025-03-04T18:11:50.699Z", "user": 1, "content_type": 11, "object_id": "96", "object_repr": "Order 96 - brogandaisy", "action_flag": 3, "change_message": ""}}, {"model": "admin.logentry", "pk": 98, "fields": {"action_time": "2025-03-04T18:11:50.699Z", "user": 1, "content_type": 11, "object_id": "93", "object_repr": "Order 93 - brogancarpenter", "action_flag": 3, "change_message": ""}}, {"model": "admin.logentry", "pk": 99, "fields": {"action_time": "2025-03-04T18:11:50.699Z", "user": 1, "content_type": 11, "object_id": "88", "object_repr": "Order 88 - brogancarpenter", "action_flag": 3, "change_message": ""}}, {"model": "admin.logentry", "pk": 100, "fields": {"action_time": "2025-03-04T18:11:50.699Z", "user": 1, "content_type": 11, "object_id": "87", "object_repr": "Order 87 - Guest", "action_flag": 3, "change_message": ""}}, {"model": "admin.logentry", "pk": 101, "fields": {"action_time": "2025-03-04T18:11:50.699Z", "user": 1, "content_type": 11, "object_id": "86", "object_repr": "Order 86 - brogancarpenter", "action_flag": 3, "change_message": ""}}, {"model": "admin.logentry", "pk": 102, "fields": {"action_time": "2025-03-04T18:11:50.699Z", "user": 1, "content_type": 11, "object_id": "85", "object_repr": "Order 85 - brogancarpenter", "action_flag": 3, "change_message": ""}}, {"model": "admin.logentry", "pk": 103, "fields": {"action_time": "2025-03-04T18:11:50.699Z", "user": 1, "content_type": 11, "object_id": "84", "object_repr": "Order 84 - brogancarpenter", "action_flag": 3, "change_message": ""}}, {"model": "admin.logentry", "pk": 104, "fields": {"action_time": "2025-03-04T18:11:50.699Z", "user": 1, "content_type": 11, "object_id": "83", "object_repr": "Order 83 - brogancarpenter", "action_flag": 3, "change_message": ""}}, {"model": "admin.logentry", "pk": 105, "fields": {"action_time": "2025-03-04T18:11:50.699Z", "user": 1, "content_type": 11, "object_id": "80", "object_repr": "Order 80 - brogancarpenter", "action_flag": 3, "change_message": ""}}, {"model": "admin.logentry", "pk": 106, "fields": {"action_time": "2025-03-04T18:11:50.699Z", "user": 1, "content_type": 11, "object_id": "79", "object_repr": "Order 79 - brogancarpenter", "action_flag": 3, "change_message": ""}}, {"model": "admin.logentry", "pk": 107, "fields": {"action_time": "2025-03-04T18:11:50.699Z", "user": 1, "content_type": 11, "object_id": "78", "object_repr": "Order 78 - brogancarpenter", "action_flag": 3, "change_message": ""}}, {"model": "admin.logentry", "pk": 108, "fields": {"action_time": "2025-03-04T18:11:50.699Z", "user": 1, "content_type": 11, "object_id": "77", "object_repr": "Order 77 - brogancarpenter", "action_flag": 3, "change_message": ""}}, {"model": "admin.logentry", "pk": 109, "fields": {"action_time": "2025-03-04T18:11:50.699Z", "user": 1, "content_type": 11, "object_id": "76", "object_repr": "Order 76 - brogancarpenter", "action_flag": 3, "change_message": ""}}, {"model": "admin.logentry", "pk": 110, "fields": {"action_time": "2025-03-04T18:11:50.699Z", "user": 1, "content_type": 11, "object_id": "75", "object_repr": "Order 75 - brogancarpenter", "action_flag": 3, "change_message": ""}}, {"model": "admin.logentry", "pk": 111, "fields": {"action_time": "2025-03-04T18:11:50.699Z", "user": 1, "content_type": 11, "object_id": "74", "object_repr": "Order 74 - brogancarpenter", "action_flag": 3, "change_message": ""}}, {"model": "admin.logentry", "pk": 112, "fields": {"action_time": "2025-03-04T18:11:50.699Z", "user": 1, "content_type": 11, "object_id": "73", "object_repr": "Order 73 - brogancarpenter", "action_flag": 3, "change_message": ""}}, {"model": "admin.logentry", "pk": 113, "fields": {"action_time": "2025-03-04T18:11:50.699Z", "user": 1, "content_type": 11, "object_id": "72", "object_repr": "Order 72 - brogancarpenter", "action_flag": 3, "change_message": ""}}, {"model": "admin.logentry", "pk": 114, "fields": {"action_time": "2025-03-04T18:11:50.699Z", "user": 1, "content_type": 11, "object_id": "71", "object_repr": "Order 71 - brogancarpenter", "action_flag": 3, "change_message": ""}}, {"model": "admin.logentry", "pk": 115, "fields": {"action_time": "2025-03-04T18:11:50.699Z", "user": 1, "content_type": 11, "object_id": "70", "object_repr": "Order 70 - brogancarpenter", "action_flag": 3, "change_message": ""}}, {"model": "admin.logentry", "pk": 116, "fields": {"action_time": "2025-03-04T18:11:50.699Z", "user": 1, "content_type": 11, "object_id": "69", "object_repr": "Order 69 - brogancarpenter", "action_flag": 3, "change_message": ""}}, {"model": "admin.logentry", "pk": 117, "fields": {"action_time": "2025-03-04T18:11:50.699Z", "user": 1, "content_type": 11, "object_id": "68", "object_repr": "Order 68 - brogancarpenter", "action_flag": 3, "change_message": ""}}, {"model": "admin.logentry", "pk": 118, "fields": {"action_time": "2025-03-04T18:11:50.699Z", "user": 1, "content_type": 11, "object_id": "67", "object_repr": "Order 67 - brogancarpenter", "action_flag": 3, "change_message": ""}}, {"model": "admin.logentry", "pk": 119, "fields": {"action_time": "2025-03-04T18:11:50.699Z", "user": 1, "content_type": 11, "object_id": "66", "object_repr": "Order 66 - brogancarpenter", "action_flag": 3, "change_message": ""}}, {"model": "admin.logentry", "pk": 120, "fields": {"action_time": "2025-03-04T18:11:50.699Z", "user": 1, "content_type": 11, "object_id": "65", "object_repr": "Order 65 - brogancarpenter", "action_flag": 3, "change_message": ""}}, {"model": "admin.logentry", "pk": 121, "fields": {"action_time": "2025-03-04T18:11:50.699Z", "user": 1, "content_type": 11, "object_id": "64", "object_repr": "Order 64 - brogancarpenter", "action_flag": 3, "change_message": ""}}, {"model": "admin.logentry", "pk": 122, "fields": {"action_time": "2025-03-04T18:11:50.700Z", "user": 1, "content_type": 11, "object_id": "63", "object_repr": "Order 63 - brogancarpenter", "action_flag": 3, "change_message": ""}}, {"model": "admin.logentry", "pk": 123, "fields": {"action_time": "2025-03-04T18:11:50.700Z", "user": 1, "content_type": 11, "object_id": "62", "object_repr": "Order 62 - brogancarpenter", "action_flag": 3, "change_message": ""}}, {"model": "admin.logentry", "pk": 124, "fields": {"action_time": "2025-03-04T18:18:07.916Z", "user": 1, "content_type": 4, "object_id": "1", "object_repr": "brogancarpenter", "action_flag": 2, "change_message": "[{\"changed\": {\"fields\": [\"User permissions\"]}}]"}}, {"model": "admin.logentry", "pk": 125, "fields": {"action_time": "2025-03-04T18:18:21.178Z", "user": 1, "content_type": 8, "object_id": "1", "object_repr": "Customer object (1)", "action_flag": 2, "change_message": "[{\"changed\": {\"fields\": [\"Full name\"]}}]"}}, {"model": "admin.logentry", "pk": 126, "fields": {"action_time": "2025-03-04T19:58:52.236Z", "user": 1, "content_type": 8, "object_id": "24", "object_repr": "kostirispo", "action_flag": 2, "change_message": "[{\"changed\": {\"fields\": [\"Skin type\"]}}]"}}, {"model": "auth.permission", "pk": 1, "fields": {"name": "Can add log entry", "content_type": 1, "codename": "add_logentry"}}, {"model": "auth.permission", "pk": 2, "fields": {"name": "Can change log entry", "content_type": 1, "codename": "change_logentry"}}, {"model": "auth.permission", "pk": 3, "fields": {"name": "Can delete log entry", "content_type": 1, "codename": "delete_logentry"}}, {"model": "auth.permission", "pk": 4, "fields": {"name": "Can view log entry", "content_type": 1, "codename": "view_logentry"}}, {"model": "auth.permission", "pk": 5, "fields": {"name": "Can add permission", "content_type": 2, "codename": "add_permission"}}, {"model": "auth.permission", "pk": 6, "fields": {"name": "Can change permission", "content_type": 2, "codename": "change_permission"}}, {"model": "auth.permission", "pk": 7, "fields": {"name": "Can delete permission", "content_type": 2, "codename": "delete_permission"}}, {"model": "auth.permission", "pk": 8, "fields": {"name": "Can view permission", "content_type": 2, "codename": "view_permission"}}, {"model": "auth.permission", "pk": 9, "fields": {"name": "Can add group", "content_type": 3, "codename": "add_group"}}, {"model": "auth.permission", "pk": 10, "fields": {"name": "Can change group", "content_type": 3, "codename": "change_group"}}, {"model": "auth.permission", "pk": 11, "fields": {"name": "Can delete group", "content_type": 3, "codename": "delete_group"}}, {"model": "auth.permission", "pk": 12, "fields": {"name": "Can view group", "content_type": 3, "codename": "view_group"}}, {"model": "auth.permission", "pk": 13, "fields": {"name": "Can add user", "content_type": 4, "codename": "add_user"}}, {"model": "auth.permission", "pk": 14, "fields": {"name": "Can change user", "content_type": 4, "codename": "change_user"}}, {"model": "auth.permission", "pk": 15, "fields": {"name": "Can delete user", "content_type": 4, "codename": "delete_user"}}, {"model": "auth.permission", "pk": 16, "fields": {"name": "Can view user", "content_type": 4, "codename": "view_user"}}, {"model": "auth.permission", "pk": 17, "fields": {"name": "Can add content type", "content_type": 5, "codename": "add_contenttype"}}, {"model": "auth.permission", "pk": 18, "fields": {"name": "Can change content type", "content_type": 5, "codename": "change_contenttype"}}, {"model": "auth.permission", "pk": 19, "fields": {"name": "Can delete content type", "content_type": 5, "codename": "delete_contenttype"}}, {"model": "auth.permission", "pk": 20, "fields": {"name": "Can view content type", "content_type": 5, "codename": "view_contenttype"}}, {"model": "auth.permission", "pk": 21, "fields": {"name": "Can add session", "content_type": 6, "codename": "add_session"}}, {"model": "auth.permission", "pk": 22, "fields": {"name": "Can change session", "content_type": 6, "codename": "change_session"}}, {"model": "auth.permission", "pk": 23, "fields": {"name": "Can delete session", "content_type": 6, "codename": "delete_session"}}, {"model": "auth.permission", "pk": 24, "fields": {"name": "Can view session", "content_type": 6, "codename": "view_session"}}, {"model": "auth.permission", "pk": 25, "fields": {"name": "Can add product", "content_type": 7, "codename": "add_product"}}, {"model": "auth.permission", "pk": 26, "fields": {"name": "Can change product", "content_type": 7, "codename": "change_product"}}, {"model": "auth.permission", "pk": 27, "fields": {"name": "Can delete product", "content_type": 7, "codename": "delete_product"}}, {"model": "auth.permission", "pk": 28, "fields": {"name": "Can view product", "content_type": 7, "codename": "view_product"}}, {"model": "auth.permission", "pk": 29, "fields": {"name": "Can add customer", "content_type": 8, "codename": "add_customer"}}, {"model": "auth.permission", "pk": 30, "fields": {"name": "Can change customer", "content_type": 8, "codename": "change_customer"}}, {"model": "auth.permission", "pk": 31, "fields": {"name": "Can delete customer", "content_type": 8, "codename": "delete_customer"}}, {"model": "auth.permission", "pk": 32, "fields": {"name": "Can view customer", "content_type": 8, "codename": "view_customer"}}, {"model": "auth.permission", "pk": 33, "fields": {"name": "Can add category", "content_type": 9, "codename": "add_category"}}, {"model": "auth.permission", "pk": 34, "fields": {"name": "Can change category", "content_type": 9, "codename": "change_category"}}, {"model": "auth.permission", "pk": 35, "fields": {"name": "Can delete category", "content_type": 9, "codename": "delete_category"}}, {"model": "auth.permission", "pk": 36, "fields": {"name": "Can view category", "content_type": 9, "codename": "view_category"}}, {"model": "auth.permission", "pk": 37, "fields": {"name": "Can add order item", "content_type": 10, "codename": "add_orderitem"}}, {"model": "auth.permission", "pk": 38, "fields": {"name": "Can change order item", "content_type": 10, "codename": "change_orderitem"}}, {"model": "auth.permission", "pk": 39, "fields": {"name": "Can delete order item", "content_type": 10, "codename": "delete_orderitem"}}, {"model": "auth.permission", "pk": 40, "fields": {"name": "Can view order item", "content_type": 10, "codename": "view_orderitem"}}, {"model": "auth.permission", "pk": 41, "fields": {"name": "Can add order", "content_type": 11, "codename": "add_order"}}, {"model": "auth.permission", "pk": 42, "fields": {"name": "Can change order", "content_type": 11, "codename": "change_order"}}, {"model": "auth.permission", "pk": 43, "fields": {"name": "Can delete order", "content_type": 11, "codename": "delete_order"}}, {"model": "auth.permission", "pk": 44, "fields": {"name": "Can view order", "content_type": 11, "codename": "view_order"}}, {"model": "auth.permission", "pk": 45, "fields": {"name": "Can add skin type", "content_type": 12, "codename": "add_skintype"}}, {"model": "auth.permission", "pk": 46, "fields": {"name": "Can change skin type", "content_type": 12, "codename": "change_skintype"}}, {"model": "auth.permission", "pk": 47, "fields": {"name": "Can delete skin type", "content_type": 12, "codename": "delete_skintype"}}, {"model": "auth.permission", "pk": 48, "fields": {"name": "Can view skin type", "content_type": 12, "codename": "view_skintype"}}, {"model": "auth.permission", "pk": 49, "fields": {"name": "Can add product", "content_type": 13, "codename": "add_product"}}, {"model": "auth.permission", "pk": 50, "fields": {"name": "Can change product", "content_type": 13, "codename": "change_product"}}, {"model": "auth.permission", "pk": 51, "fields": {"name": "Can delete product", "content_type": 13, "codename": "delete_product"}}, {"model": "auth.permission", "pk": 52, "fields": {"name": "Can view product", "content_type": 13, "codename": "view_product"}}, {"model": "auth.user", "pk": 1, "fields": {"password": "pbkdf2_sha256$870000$6Fa1e2Uv16ehWYFFTPgKTJ$lZjDDQuj1zSupM1/JUBNuKX1AewXhhSv9K0fzXu/mhk=", "last_login": "2025-03-04T19:58:35.846Z", "is_superuser": true, "username": "brogancarpenter", "first_name": "", "last_name": "", "email": "brogancarpenter@hotmail.co.uk", "is_staff": true, "is_active": true, "date_joined": "2025-02-07T20:37:01Z", "groups": [], "user_permissions": [29, 30, 31, 32, 1, 2, 3, 4, 9, 10, 11, 12, 5, 6, 7, 8, 13, 14, 15, 16, 17, 18, 19, 20, 41, 42, 43, 44, 37, 38, 39, 40, 33, 34, 35, 36, 25, 26, 27, 28, 45, 46, 47, 48, 21, 22, 23, 24]}}, {"model": "auth.user", "pk": 2, "fields": {"password": "pbkdf2_sha256$870000$SRbRznMfBe1AJMUp04NuYc$wwa1h/5KGe+N8eAZpHOKV3n5yQ5hEo7qbMm5Ggzm7N0=", "last_login": "2025-03-04T20:48:58.204Z", "is_superuser": false, "username": "brogandaisy", "first_name": "", "last_name": "", "email": "", "is_staff": false, "is_active": true, "date_joined": "2025-02-13T11:40:52.619Z", "groups": [], "user_permissions": []}}, {"model": "auth.user", "pk": 3, "fields": {"password": "pbkdf2_sha256$870000$dk6eQ9FnougVfEnCANil2G$L8Hxvw6xiAaVp4C+Lb9rz8vMg06l7mgUX6r3RzZm97A=", "last_login": "2025-02-14T15:01:32.136Z", "is_superuser": false, "username": "annabel1", "first_name": "", "last_name": "", "email": "annabel@gmail.com", "is_staff": false, "is_active": true, "date_joined": "2025-02-14T14:54:24.852Z", "groups": [], "user_permissions": []}}, {"model": "auth.user", "pk": 4, "fields": {"password": "pbkdf2_sha256$870000$Go5iWtIhXNDZ0Tsezge3QU$ZIttfxxF8SgCdDaa0HBl9pd9oza5DCDb946Jt0u5L20=", "last_login": "2025-02-28T23:37:30.467Z", "is_superuser": false, "username": "sallystar", "first_name": "", "last_name": "", "email": "brogandaisy@gmail.com", "is_staff": false, "is_active": true, "date_joined": "2025-02-28T23:37:30.129Z", "groups": [], "user_permissions": []}}, {"model": "auth.user", "pk": 5, "fields": {"password": "pbkdf2_sha256$870000$II9QXKxfP1155ADhblgvyv$fCAcyi5OiekOa4O5CPHMNDBeQeJ1SYujcFxHrEe6AcI=", "last_login": null, "is_superuser": false, "username": "georgeh", "first_name": "", "last_name": "", "email": "brogandaisy@gmail.com", "is_staff": false, "is_active": true, "date_joined": "2025-03-01T20:48:29.685Z", "groups": [], "user_permissions": []}}, {"model": "auth.user", "pk": 6, "fields": {"password": "pbkdf2_sha256$870000$wXygD53u9VaH5FkJinTJE0$bsPJ0hyvdI/St3eXAHftZbg7i1X9ldIG2z5to5t7zTk=", "last_login": null, "is_superuser": false, "username": "broganc", "first_name": "", "last_name": "", "email": "brogandaisy@gmail.com", "is_staff": false, "is_active": true, "date_joined": "2025-03-01T20:53:00.991Z", "groups": [], "user_permissions": []}}, {"model": "auth.user", "pk": 7, "fields": {"password": "pbkdf2_sha256$870000$fMOKokxncNv2SczyWMsqdt$ksF4ZCpc4ryJzpJ2BDO4FYCM4CVqR/y1LPuB9hqSTDo=", "last_login": null, "is_superuser": false, "username": "bluebell1", "first_name": "", "last_name": "", "email": "brogandaisy@gmail.com", "is_staff": false, "is_active": true, "date_joined": "2025-03-01T20:54:58.156Z", "groups": [], "user_permissions": []}}, {"model": "auth.user", "pk": 8, "fields": {"password": "pbkdf2_sha256$870000$6NBYWyUhk6vVZAUgIFsyYK$X7tFI+tzf80w9eB1xy+4p3vTl3W/JxkYrGVk4Go7HTo=", "last_login": null, "is_superuser": false, "username": "brightonskincarelover", "first_name": "", "last_name": "", "email": "brogandaisy@gmail.com", "is_staff": false, "is_active": true, "date_joined": "2025-03-01T21:12:30.878Z", "groups": [], "user_permissions": []}}, {"model": "auth.user", "pk": 9, "fields": {"password": "pbkdf2_sha256$870000$5JoVwVxEVjc0TmTVBR5jav$gs70DFuiL8N0tbzDbmr1kAHGNEUdPFCfbaBXPNSr/Ng=", "last_login": "2025-03-01T21:15:19.600Z", "is_superuser": false, "username": "skincareaddict", "first_name": "", "last_name": "", "email": "info@lugnahomefragrance.co.uk", "is_staff": false, "is_active": true, "date_joined": "2025-03-01T21:15:19.253Z", "groups": [], "user_permissions": []}}, {"model": "auth.user", "pk": 10, "fields": {"password": "pbkdf2_sha256$870000$PSyOFwY3jT2dLEcyXR8S14$Wt40Lh3doWBNtuNSDGV/rXkVS79rH0X9xnOhgTO8QC4=", "last_login": null, "is_superuser": false, "username": "beautygirl", "first_name": "", "last_name": "", "email": "brogandaisy@gmail.com", "is_staff": false, "is_active": true, "date_joined": "2025-03-01T21:17:03.795Z", "groups": [], "user_permissions": []}}, {"model": "auth.user", "pk": 11, "fields": {"password": "pbkdf2_sha256$870000$QONI0fa72d89UG6ABao9aS$hoddmWphIJGxN3T8n6gFBh+a1AVIYQPVUuSSL8RC174=", "last_login": "2025-03-01T21:18:38.891Z", "is_superuser": false, "username": "beautyqueen", "first_name": "", "last_name": "", "email": "cikecat598@lassora.com", "is_staff": false, "is_active": true, "date_joined": "2025-03-01T21:18:38.562Z", "groups": [], "user_permissions": []}}, {"model": "auth.user", "pk": 12, "fields": {"password": "pbkdf2_sha256$870000$vF8la03cdDHPYKucCczbYQ$w/aIo130hxl8ViY0tan551Ctfdu1GRQUtC4LOGdtrqw=", "last_login": "2025-03-01T21:20:00.507Z", "is_superuser": false, "username": "beautyface1", "first_name": "", "last_name": "", "email": "faced59673@hartaria.com", "is_staff": false, "is_active": true, "date_joined": "2025-03-01T21:20:00.054Z", "groups": [], "user_permissions": []}}, {"model": "auth.user", "pk": 13, "fields": {"password": "pbkdf2_sha256$870000$jUCFvfg4QVLA5RTKxX2doD$oFvAaekjorx3LjJ2MrQWRBaIluLqYMx9pC68cPn7B64=", "last_login": null, "is_superuser": false, "username": "helloskincare", "first_name": "", "last_name": "", "email": "brogandaisy@gmail.com", "is_staff": false, "is_active": true, "date_joined": "2025-03-03T08:43:20.943Z", "groups": [], "user_permissions": []}}, {"model": "auth.user", "pk": 14, "fields": {"password": "pbkdf2_sha256$870000$H94BvHf36Q3ELdsrrlw5Pf$TXINS7wDJwzWnTFcvzvI/CTQBu6WGTQlaH4NyPtXSlk=", "last_login": null, "is_superuser": false, "username": "serumsunshine", "first_name": "", "last_name": "", "email": "brogandaisy@gmail.com", "is_staff": false, "is_active": true, "date_joined": "2025-03-03T08:49:19.868Z", "groups": [], "user_permissions": []}}, {"model": "auth.user", "pk": 15, "fields": {"password": "pbkdf2_sha256$870000$0dMHEZ8lZMGOtDUztzkEzQ$CWPSTentWdcqUoEisvfy4ojmLfngwOEL+6mqrqNJOoU=", "last_login": null, "is_superuser": false, "username": "facemasklover", "first_name": "", "last_name": "", "email": "brogandaisy@gmail.com", "is_staff": false, "is_active": true, "date_joined": "2025-03-03T08:50:48.850Z", "groups": [], "user_permissions": []}}, {"model": "auth.user", "pk": 16, "fields": {"password": "pbkdf2_sha256$870000$ykqOmoCzUjK4lWWNrFjeSS$KBMFEzSr6CfEArKSmnfszhe5BMwzGtSZWn2jywm8zqw=", "last_login": null, "is_superuser": false, "username": "skinskinskin", "first_name": "", "last_name": "", "email": "brogandaisy@gmail.com", "is_staff": false, "is_active": true, "date_joined": "2025-03-03T08:58:17.028Z", "groups": [], "user_permissions": []}}, {"model": "auth.user", "pk": 17, "fields": {"password": "pbkdf2_sha256$870000$g3Nr23tkszoRURXZd33tJ2$ISEdmELpeHBUo0WSsnFXCMHqtEyghZvuMydiA1CFmGc=", "last_login": null, "is_superuser": false, "username": "broganlovesskincare", "first_name": "", "last_name": "", "email": "brogandaisy@gmail.com", "is_staff": false, "is_active": true, "date_joined": "2025-03-03T09:05:34.096Z", "groups": [], "user_permissions": []}}, {"model": "auth.user", "pk": 18, "fields": {"password": "pbkdf2_sha256$870000$4dRUIM6PFqUmNd0t8wZ2NJ$wt96mOQLjUvQ/HRdwFJY9TXlzCU9rOkhkXczEstI1H4=", "last_login": "2025-03-03T09:11:32.438Z", "is_superuser": false, "username": "hellosunshine", "first_name": "", "last_name": "", "email": "biltohemla@gufum.com", "is_staff": false, "is_active": true, "date_joined": "2025-03-03T09:10:03.360Z", "groups": [], "user_permissions": []}}, {"model": "auth.user", "pk": 19, "fields": {"password": "pbkdf2_sha256$870000$TGqMl22goSKqNSxed5JKMx$S9CEnz7t/LWqdGPMynWDtQs+OiTc7mkkKiWOzedrd+I=", "last_login": "2025-03-03T09:29:27.721Z", "is_superuser": false, "username": "virtogulmu", "first_name": "", "last_name": "", "email": "virtogulmu@gufum.com", "is_staff": false, "is_active": true, "date_joined": "2025-03-03T09:29:27.379Z", "groups": [], "user_permissions": []}}, {"model": "auth.user", "pk": 20, "fields": {"password": "pbkdf2_sha256$870000$sPeQssUmAZeVK2Ys4SRKqq$mWdc8RQImcqi1k9SILiQ6StGjbZ7JN+0tKW4weV8OJo=", "last_login": "2025-03-04T16:05:49.228Z", "is_superuser": false, "username": "spence", "first_name": "", "last_name": "", "email": "sbarriball@me.com", "is_staff": false, "is_active": true, "date_joined": "2025-03-03T11:04:02.440Z", "groups": [], "user_permissions": []}}, {"model": "auth.user", "pk": 21, "fields": {"password": "pbkdf2_sha256$870000$QytCinT6C1qASHPwHoHwGE$8GO2lJZDDsswZdf2rbIduWkn7kNnOku+c4NYbdSuwOk=", "last_login": null, "is_superuser": false, "username": "spencer", "first_name": "", "last_name": "", "email": "sbarriball@me.com", "is_staff": false, "is_active": true, "date_joined": "2025-03-03T11:04:48.395Z", "groups": [], "user_permissions": []}}, {"model": "auth.user", "pk": 22, "fields": {"password": "pbkdf2_sha256$870000$4n0eCZnYGPfshvfb3897aq$mjT5oV+kbSs0mwAxIXUsBFBJVlw0a3DPwQ5A/rTfl2I=", "last_login": "2025-03-03T11:49:29.530Z", "is_superuser": false, "username": "lirzojetru", "first_name": "", "last_name": "", "email": "lirzojetru@gufum.com", "is_staff": false, "is_active": true, "date_joined": "2025-03-03T11:49:29.159Z", "groups": [], "user_permissions": []}}, {"model": "auth.user", "pk": 23, "fields": {"password": "pbkdf2_sha256$870000$nu8w1RKSdjEKOCWjSxsUQt$xfq1BdI5FdSotzpngu1PTQjBGOCnTj1DUNXKomKMB9c=", "last_login": null, "is_superuser": false, "username": "hellobrighton12", "first_name": "", "last_name": "", "email": "lirzojetru@gufum.com", "is_staff": false, "is_active": true, "date_joined": "2025-03-03T11:49:58.651Z", "groups": [], "user_permissions": []}}, {"model": "auth.user", "pk": 24, "fields": {"password": "pbkdf2_sha256$870000$4qXTN7odZ8EplCcmEgc5Gm$ojHiA8XNRom4HwMpDpSPVJfBUq0uH9ZkaCi8rIO8X48=", "last_login": "2025-03-04T10:39:52.356Z", "is_superuser": false, "username": "ziydujikku", "first_name": "", "last_name": "", "email": "ziydujikku@gufum.com", "is_staff": false, "is_active": true, "date_joined": "2025-03-04T10:39:52.015Z", "groups": [], "user_permissions": []}}, {"model": "auth.user", "pk": 25, "fields": {"password": "pbkdf2_sha256$870000$w2vLIr0BTtn6Kdgina5Tv3$4WaPThsiEkEprEljq4EOrSskHTJjBoe/uq64ayErMDI=", "last_login": "2025-03-04T11:48:31.000Z", "is_superuser": false, "username": "kostirispo", "first_name": "", "last_name": "", "email": "kostirispo@gufum.com", "is_staff": false, "is_active": true, "date_joined": "2025-03-04T11:48:30.213Z", "groups": [], "user_permissions": []}}, {"model": "contenttypes.contenttype", "pk": 1, "fields": {"app_label": "admin", "model": "logentry"}}, {"model": "contenttypes.contenttype", "pk": 2, "fields": {"app_label": "auth", "model": "permission"}}, {"model": "contenttypes.contenttype", "pk": 3, "fields": {"app_label": "auth", "model": "group"}}, {"model": "contenttypes.contenttype", "pk": 4, "fields": {"app_label": "auth", "model": "user"}}, {"model": "contenttypes.contenttype", "pk": 5, "fields": {"app_label": "contenttypes", "model": "contenttype"}}, {"model": "contenttypes.contenttype", "pk": 6, "fields": {"app_label": "sessions", "model": "session"}}, {"model": "contenttypes.contenttype", "pk": 7, "fields": {"app_label": "products", "model": "product"}}, {"model": "contenttypes.contenttype", "pk": 8, "fields": {"app_label": "accounts", "model": "customer"}}, {"model": "contenttypes.contenttype", "pk": 9, "fields": {"app_label": "products", "model": "category"}}, {"model": "contenttypes.contenttype", "pk": 10, "fields": {"app_label": "orders", "model": "orderitem"}}, {"model": "contenttypes.contenttype", "pk": 11, "fields": {"app_label": "orders", "model": "order"}}, {"model": "contenttypes.contenttype", "pk": 12, "fields": {"app_label": "products", "model": "skintype"}}, {"model": "contenttypes.contenttype", "pk": 13, "fields": {"app_label": "accounts", "model": "product"}}, {"model": "sessions.session", "pk": "2ovgn2a18y43kh34zmb9a7r7jtevg6op", "fields": {"session_data": ".eJzNjEFqwzAQRa-izFoYY1uy1GW7bi4QBTGWJpbSxAJLJpSSu8eGBNobdPv---8HLC4l2CXTbKOHN2iA_2YDui-atsGfcRpT5dJU5jhUm1I911x9Jk-X96f7JxAwh_VNnRwa1ZLUhA11CnuhHXpUSEK2_UnLwXeqVRI1nUSvsXaIte8F4kodbdEr5Ywj5TV3OBiw9pzT9KIGOKs5awRnBvZxDIV9zIRXht6TZyWx77TM7BZzuMRcdptvwMCRs__ZOsL9AesMhmw:1tpZdi:o3-_f5HpYxJN8ELyaGsZx7KjCvGHy-WrsuHnG11jrjg", "expire_date": "2025-03-05T21:17:22.614Z"}}, {"model": "sessions.session", "pk": "42yk5hrnbtgity0q9824o5sencszsa25", "fields": {"session_data": "eyJzaG9wcGluZ19iYWciOnt9LCJ0b3RhbCI6MC4wfQ:1tpStT:rEanNP0TRLg-YyLhRO5tu-bnpu9kzmu-6mbxIs27vok", "expire_date": "2025-03-05T14:05:11.135Z"}}, {"model": "sessions.session", "pk": "8insf0g31l79nim41s5vrcxrsw3qr49d", "fields": {"session_data": "eyJzaG9wcGluZ19iYWciOnt9LCJ0b3RhbCI6MC4wfQ:1tpXeW:bo4DzBdnDxON9OYh-QmTjtNG_K7e28-lQubReMO1coU", "expire_date": "2025-03-05T19:10:04.336Z"}}, {"model": "sessions.session", "pk": "fmp8byjndr10qug342xqqcm5sgh2yrys", "fields": {"session_data": ".eJyrVirOyC8oyMxLj09KTFeyqlYyAhGFpYl5JZkllUpWhjpKBUWZyalKVgZ6BkBOSX5JYk48klBtLVQQpiK_KCW1KD4zRcnKwrwWAPxCHp8:1to95V:HJhOI0JwHf9Ysu_zpOFrUZChSPLsz3o3Z97jEDK14eQ", "expire_date": "2025-03-01T22:44:09.176Z"}}, {"model": "sessions.session", "pk": "gcwdv4jus022d7iysruf6u6plaib2crc", "fields": {"session_data": ".eJyrVirOyC8oyMxLj09KTFeyqlYyBxGFpYl5JZkllUpWhjpKBUWZyalKViYmegY6SiX5JYk58UhCtbVQQSgXAHAmGlg:1toifT:1LNu_08fX7tpglzmhk9hGds0WTq76j8O_YA9yxFpnuU", "expire_date": "2025-03-03T12:43:39.398Z"}}, {"model": "sessions.session", "pk": "i3k98ef7tu98hdwj41flsou4dfdumgyu", "fields": {"session_data": "eyJzaG9wcGluZ19iYWciOnt9LCJ0b3RhbCI6MC4wfQ:1tpFKL:nOrt3X390A8aOMvAAmuryGD-1dHq9FlUxGDrgoC9V0Y", "expire_date": "2025-03-04T23:36:01.432Z"}}, {"model": "sessions.session", "pk": "n95e4s3kl31ym0gopboigqj5qe9jimzo", "fields": {"session_data": ".eJxVjE0OwiAYBe_C2pCGf1y69wzkAV-laiAp7arx7rZJF7qdmfc2FrAuJayd5jBldmWCXX5ZRHpRPUR-oj4aT60u8xT5kfDTdn5vmd63s_07KOhlX5MyUThJxhMEKQerfUKGA2kj7ehNzMpJZ-Bp1NZjSMCQrQZ2moh9vvmKOLA:1tpYgN:WnecRh2oBqN7hT1XxwIGviKl_5lYGjKmfsXIcguaNlM", "expire_date": "2025-03-05T20:16:03.277Z"}}, {"model": "sessions.session", "pk": "o7vsr8pijwe35qba5hupk6hb4sysukxi", "fields": {"session_data": ".eJyrVirOyC8oyMxLj09KTFeyqlayBBGFpYl5JZkllUpWRjpKBUWZyalAloWegY5SSX5JYk48VMjUTM-gtlZHCbtWQxStIHVgzVBtAI18JpE:1tpX55:rauEn1wctlo_UhsLNiUIjfpsFeqTCT0y5yh_PudhP1M", "expire_date": "2025-03-05T18:33:27.695Z"}}, {"model": "sessions.session", "pk": "r8kt79k2e1211sjd40ejgjvk6cnjvacp", "fields": {"session_data": ".eJyrVirOyC8oyMxLj09KTFeyqlYyBhGFpYl5JZkllUpWRjpKBUWZyalAlpmegY5SSX5JYk48VMjUSM-gVkfJhHQtpqhaDBFaTDC0gISAWsxQtZjAtRgbYWgxNLIA6gFqIsZThHxAyLmE3AZyB9h1QOWmIPMAsMVyIA:1tpXFG:HneVKSqoOCWVKizduOucuvgKHx7bRAhNvYUe9ksnUa8", "expire_date": "2025-03-05T18:43:58.130Z"}}, {"model": "sessions.session", "pk": "rdnm98mk5qe6juejnypbzb4yxn5wm79d", "fields": {"session_data": ".eJxVjEGOwyAMRe_idYSAtAGz7L5niOyAEqYVpAlZjKrcfYhaVdONF37vvyf0tJWp39aw9NGDAy2h-f9kGm4hHcT_UBqzGHIqS2RxKOJNV3HNPtwvb_crMNE61bVVqKz0VnF7QjaEwXeIpj0r3Wo2J4XGW9LGElpJg2ImVNxVSRkftKlRphHcE7rjPDZKJZZfcLaBeYlDANdqIfcG7Dc_f7jGyqtQcqE7OClkA-uU5zmmsX_F9_0P8VlW2A:1tpUoT:ORGQe7VXbvoaQQ89Uh9-IJW4zr94nlU5682vbBS2bu0", "expire_date": "2025-03-05T16:08:09.363Z"}}, {"model": "sessions.session", "pk": "v3uvm5hrm6qbi0szi7qe5yq34k4y87sm", "fields": {"session_data": ".eJxVjEEOgjAQRe8ya9K0Smth6d4zNNOZAlXTIpSFMdxdSTDRzV-89_JfMA95HGPqncce2hcoue1jwVRieUKrKhinSAHagxWygpIL3t0PWtcdfos8cZhcZGibUwUOlzK4Zd4RKPhjHukW0ib4iqnPgnIqU_RiS8RuZ3HJHO7nvf07GHAettsGm07JTuvAZOpwJCRDzEoZPtDRU2f9ybKt7Ud6LakjQl1rw7U0NgRY3yBoVxU:1tp6JS:uxhJmqnCFBepHpf7_kBETAL8Hy4yBEsqK2Pre9Z-LjI", "expire_date": "2025-03-04T13:58:30.385Z"}}, {"model": "sessions.session", "pk": "vmwginbod6olseay8w95mnuav4uypakb", "fields": {"session_data": "e30:1tmENG:Fpv2EkYCGOqIIaNFaCtFHlgE0aQv1NJHUNWSeLYqS_c", "expire_date": "2025-02-24T15:58:34.000Z"}}, {"model": "sessions.session", "pk": "vvmi4c197gg01aqw14unfb6gybg00w59", "fields": {"session_data": ".eJx1j7FuhDAQRP9la2SBwcbrMn2-AY3tvYPkBAmYIjrx72ekK-6KbLHFzJuR5k4D9jwO-ybrMCXypKl61QLit8ynkb4wXxcVlzmvU1Anop7upj6XJLePJ_tWMGIbS1o6G7RrxbJAS-fQG45IcBBj2_7CNqTOtc6C5WJ6Rh2BOvUGKGqUUpqXjBv5rlHs-OVMRQFX8ndqzve7Y85T_iPfVPSzTiXrG1bMR1XG_QNorerjOB58vFVM:1tk9Do:r_KBexVXuvG1Zl4mOgMwTqtGc05eQp7wvsp9G6HU8Mc", "expire_date": "2025-03-03T22:04:12.741Z"}}, {"model": "sessions.session", "pk": "w8v7gjbb2se7arb4wwy1gvnylqayaac0", "fields": {"session_data": ".eJyrVirOyC8oyMxLj09KTFeyqlYyNASRhaWJeSWZJZVKVsY6SgVFmcmpSlamZnoGtTpKZqjyRnB5YyOwvBEueQM9A8NaoIKS_JLEHKAESD1Qlk721gIATARHSQ:1tpF3J:4QkqO3f0PubR6x1FI5ykkXsjOTzfPf2EU5htvqEImSw", "expire_date": "2025-03-04T23:18:25.227Z"}}, {"model": "accounts.customer", "pk": 1, "fields": {"user": 2, "full_name": "Brogan Carpenter", "phone": "07792349369", "email": "brogancarpenter@hotmail.co.uk", "address_line1": "Flat 2", "address_county": "sussex", "address_country": "england", "address_postcode": "bn3221", "created_at": "2025-02-13T11:40:52.965Z", "skin_type": "Dry", "wishlist": [5]}}, {"model": "accounts.customer", "pk": 2, "fields": {"user": 3, "full_name": null, "phone": "01234567777", "email": "annabel@gmail.com", "address_line1": "6 hadden court", "address_county": "hampshire", "address_country": "england", "address_postcode": "te456ht", "created_at": "2025-02-14T14:54:25.190Z", "skin_type": null, "wishlist": []}}, {"model": "accounts.customer", "pk": 3, "fields": {"user": 4, "full_name": null, "phone": null, "email": "brogandaisy@gmail.com", "address_line1": null, "address_county": null, "address_country": null, "address_postcode": null, "created_at": "2025-02-28T23:37:30.447Z", "skin_type": null, "wishlist": []}}, {"model": "accounts.customer", "pk": 8, "fields": {"user": 9, "full_name": null, "phone": null, "email": "info@lugnahomefragrance.co.uk", "address_line1": null, "address_county": null, "address_country": null, "address_postcode": null, "created_at": "2025-03-01T21:15:19.582Z", "skin_type": null, "wishlist": []}}, {"model": "accounts.customer", "pk": 10, "fields": {"user": 11, "full_name": null, "phone": null, "email": "cikecat598@lassora.com", "address_line1": null, "address_county": null, "address_country": null, "address_postcode": null, "created_at": "2025-03-01T21:18:38.875Z", "skin_type": null, "wishlist": []}}, {"model": "accounts.customer", "pk": 11, "fields": {"user": 12, "full_name": null, "phone": null, "email": "faced59673@hartaria.com", "address_line1": null, "address_county": null, "address_country": null, "address_postcode": null, "created_at": "2025-03-01T21:20:00.471Z", "skin_type": null, "wishlist": []}}, {"model": "accounts.customer", "pk": 17, "fields": {"user": 18, "full_name": null, "phone": null, "email": "biltohemla@gufum.com", "address_line1": null, "address_county": null, "address_country": null, "address_postcode": null, "created_at": "2025-03-03T09:10:03.696Z", "skin_type": null, "wishlist": []}}, {"model": "accounts.customer", "pk": 18, "fields": {"user": 19, "full_name": null, "phone": null, "email": "virtogulmu@gufum.com", "address_line1": null, "address_county": null, "address_country": null, "address_postcode": null, "created_at": "2025-03-03T09:29:27.698Z", "skin_type": null, "wishlist": []}}, {"model": "accounts.customer", "pk": 19, "fields": {"user": 20, "full_name": null, "phone": null, "email": "sbarriball@me.com", "address_line1": null, "address_county": null, "address_country": null, "address_postcode": null, "created_at": "2025-03-03T11:04:02.786Z", "skin_type": null, "wishlist": []}}, {"model": "accounts.customer", "pk": 21, "fields": {"user": 22, "full_name": null, "phone": null, "email": "lirzojetru@gufum.com", "address_line1": null, "address_county": null, "address_country": null, "address_postcode": null, "created_at": "2025-03-03T11:49:29.504Z", "skin_type": null, "wishlist": []}}, {"model": "accounts.customer", "pk": 23, "fields": {"user": 24, "full_name": null, "phone": null, "email": "ziydujikku@gufum.com", "address_line1": null, "address_county": null, "address_country": null, "address_postcode": null, "created_at": "2025-03-04T10:39:52.329Z", "skin_type": null, "wishlist": []}}, {"model": "accounts.customer", "pk": 24, "fields": {"user": 25, "full_name": null, "phone": null, "email": "kostirispo@gufum.com", "address_line1": null, "address_county": null, "address_country": null, "address_postcode": null, "created_at": "2025-03-04T11:48:30.859Z", "skin_type": "Combination", "wishlist": []}}, {"model": "products.category", "pk": 1, "fields": {"name": "Cleansers"}}, {"model": "products.category", "pk": 2, "fields": {"name": "Moisturisers"}}, {"model": "products.category", "pk": 3, "fields": {"name": "Serums"}}, {"model": "products.category", "pk": 4, "fields": {"name": "Masks"}}, {"model": "products.category", "pk": 5, "fields": {"name": "Gift Sets"}}, {"model": "products.skintype", "pk": 1, "fields": {"name": "Dry"}}, {"model": "products.skintype", "pk": 2, "fields": {"name": "Oily"}}, {"model": "products.skintype", "pk": 3, "fields": {"name": "Combination"}}, {"model": "products.skintype", "pk": 4, "fields": {"name": "Sensitive"}}, {"model": "products.skintype", "pk": 5, "fields": {"name": "Normal"}}, {"model": "products.product", "pk": 2, "fields": {"name": "Foam Face Cleanser", "price": "24.00", "description": "A gentle, eco-friendly foaming cleanser that deeply cleanses without stripping moisture, perfect for sensitive skin.", "stock": 10, "category": 1, "image": "products/foamfacecleanser.jpg", "created_at": "2025-02-12T17:37:33.211Z", "skin_types": [4, 5]}}, {"model": "products.product", "pk": 3, "fields": {"name": "Oil Face Cleanser", "price": "26.00", "description": "A nourishing oil-based cleanser that dissolves makeup and impurities while maintaining skins natural balance.", "stock": 10, "category": 1, "image": "products/oilcleanser.jpg", "created_at": "2025-02-12T17:37:33.212Z", "skin_types": [2, 4, 5]}}, {"model": "products.product", "pk": 4, "fields": {"name": "Day Cream", "price": "26.00", "description": "A lightweight, hydrating day cream infused with antioxidants for all-day moisture and protection.", "stock": 10, "category": 2, "image": "products/daycream.jpg", "created_at": "2025-02-12T17:37:33.212Z", "skin_types": [1, 4]}}, {"model": "products.product", "pk": 5, "fields": {"name": "Night Cream", "price": "24.00", "description": "A rich, replenishing night cream that deeply nourishes and restores skin overnight.", "stock": 10, "category": 2, "image": "products/nightcream.jpg", "created_at": "2025-02-12T17:37:33.212Z", "skin_types": [1, 4]}}, {"model": "products.product", "pk": 6, "fields": {"name": "Vitamin C Serum", "price": "32.00", "description": "A potent yet gentle vitamin C serum that brightens and evens skin tone while protecting against environmental stressors.", "stock": 10, "category": 3, "image": "products/vitc.jpg", "created_at": "2025-02-12T17:37:33.212Z", "skin_types": [3, 5]}}, {"model": "products.product", "pk": 7, "fields": {"name": "Retinal Serum", "price": "44.00", "description": "A high-performance retinal serum that smooths fine lines and enhances skin renewal without irritation.", "stock": 10, "category": 3, "image": "products/retinal.jpg", "created_at": "2025-02-12T17:37:33.212Z", "skin_types": [3, 5]}}, {"model": "products.product", "pk": 8, "fields": {"name": "Hyaluronic Acid Serum", "price": "29.00", "description": "A deeply hydrating serum that plumps and smooths skin with pure, eco-sourced hyaluronic acid.", "stock": 10, "category": 3, "image": "products/ha.jpg", "created_at": "2025-02-12T17:37:33.212Z", "skin_types": [1, 4, 5]}}, {"model": "products.product", "pk": 9, "fields": {"name": "Clay Mask", "price": "28.00", "description": "A purifying clay mask that detoxifies and refines pores without drying out sensitive skin.", "stock": 10, "category": 4, "image": "products/claymask.jpg", "created_at": "2025-02-12T17:37:33.213Z", "skin_types": [2, 3]}}, {"model": "products.product", "pk": 10, "fields": {"name": "Hydration Mask", "price": "28.00", "description": "An ultra-hydrating mask that replenishes moisture and soothes even the most sensitive skin.", "stock": 10, "category": 4, "image": "products/hydrationmask.jpg", "created_at": "2025-02-12T17:37:33.213Z", "skin_types": [1, 4]}}, {"model": "products.product", "pk": 11, "fields": {"name": "The Starter Set", "price": "56.00", "description": "A curated set of skincare essentials for a simple yet effective routine, perfect for beginners.", "stock": 10, "category": 5, "image": "products/starterset.jpg", "created_at": "2025-02-12T17:37:33.213Z", "skin_types": [4, 5]}}, {"model": "products.product", "pk": 12, "fields": {"name": "Overnight Set", "price": "42.00", "description": "A luxurious nighttime skincare set designed to hydrate, repair, and rejuvenate while you sleep.", "stock": 10, "category": 5, "image": "products/overnightset.jpg", "created_at": "2025-02-12T17:37:33.213Z", "skin_types": [3, 5]}}, {"model": "orders.order", "pk": 81, "fields": {"user": 1, "email": null, "status": "PAID", "total_price": "24.00", "stripe_payment_intent": "cs_test_a1P7X7OJMRwRHBzNlbq3lDIweXRDmG5KeY3q6tDdTd5ygQ2riMgWdDYiz1", "created_at": "2025-02-23T13:56:46.388Z", "updated_at": "2025-02-23T13:57:12.326Z", "shipping_name": "brogan", "shipping_address": "12 Testard Road", "shipping_city": "Guildford", "shipping_postcode": "GU2 4JT", "shipping_country": "GB"}}, {"model": "orders.order", "pk": 82, "fields": {"user": 1, "email": null, "status": "DELIVERED", "total_price": "29.00", "stripe_payment_intent": "cs_test_a1IWlcF4jZ6S7rhAseRTTxYiX0tHwxW0bwuHS0OpFZWpwuJSsDZawMT0XB", "created_at": "2025-02-23T15:48:26.189Z", "updated_at": "2025-03-03T22:26:38.921Z", "shipping_name": "brogan", "shipping_address": "123 Westbourne Road", "shipping_city": "Birmingham", "shipping_postcode": "B21 8AU", "shipping_country": "GB"}}, {"model": "orders.order", "pk": 89, "fields": {"user": 4, "email": "brogandaisy@gmail.com", "status": "PENDING", "total_price": "24.00", "stripe_payment_intent": "cs_live_a1ADVgcum12t475LcNB97jybpTPQkICWuNv74htEU1YFCSAnCPATeFpYOY", "created_at": "2025-03-01T10:52:36.726Z", "updated_at": "2025-03-01T20:08:50.407Z", "shipping_name": null, "shipping_address": null, "shipping_city": null, "shipping_postcode": null, "shipping_country": null}}, {"model": "orders.order", "pk": 90, "fields": {"user": 9, "email": "info@lugnahomefragrance.co.uk", "status": "PENDING", "total_price": "105.00", "stripe_payment_intent": "cs_live_b1ExCcf6LsR6n42gKbHDR46yksQNt3ZxiX2g7MtbiDk2f0ZiItqrUiBKwO", "created_at": "2025-03-01T21:16:15.091Z", "updated_at": "2025-03-01T21:16:37.985Z", "shipping_name": null, "shipping_address": null, "shipping_city": null, "shipping_postcode": null, "shipping_country": null}}, {"model": "orders.order", "pk": 91, "fields": {"user": null, "email": "brogandaisy@gmail.com", "status": "SHIPPED", "total_price": "49.99", "stripe_payment_intent": null, "created_at": "2025-03-01T21:48:27.411Z", "updated_at": "2025-03-03T23:19:28.202Z", "shipping_name": null, "shipping_address": null, "shipping_city": null, "shipping_postcode": null, "shipping_country": null}}, {"model": "orders.order", "pk": 92, "fields": {"user": null, "email": "brogandaisy@gmail.com", "status": "PROCESSING", "total_price": "49.99", "stripe_payment_intent": null, "created_at": "2025-03-01T21:50:05.689Z", "updated_at": "2025-03-03T22:23:16.070Z", "shipping_name": null, "shipping_address": null, "shipping_city": null, "shipping_postcode": null, "shipping_country": null}}, {"model": "orders.order", "pk": 94, "fields": {"user": 1, "email": "brogancarpenter@hotmail.co.uk", "status": "PENDING", "total_price": "26.00", "stripe_payment_intent": "cs_live_a1gElgkrVEgGiCYevXVVnvl60zzUOYO19Uy7IJ9eOXd8IJxDu1KTLwVeFg", "created_at": "2025-03-03T08:38:56.051Z", "updated_at": "2025-03-03T08:38:56.606Z", "shipping_name": null, "shipping_address": null, "shipping_city": null, "shipping_postcode": null, "shipping_country": null}}, {"model": "orders.order", "pk": 98, "fields": {"user": 1, "email": "brogancarpenter@hotmail.co.uk", "status": "PENDING", "total_price": "0.02", "stripe_payment_intent": "cs_live_a1b9wfg07xD4EmxSmVdkseSnF2MrFGQjaDkFVoyzGIQ5FyYF2iE5zEFBzR", "created_at": "2025-03-03T17:43:11.447Z", "updated_at": "2025-03-03T17:43:12.006Z", "shipping_name": null, "shipping_address": null, "shipping_city": null, "shipping_postcode": null, "shipping_country": null}}, {"model": "orders.order", "pk": 102, "fields": {"user": 1, "email": "brogancarpenter@hotmail.co.uk", "status": "PAID", "total_price": "28.00", "stripe_payment_intent": "cs_test_a1OAzmEMqTX76jWelxz7kiXt1kAitgqrr7UShsGbFu3mtNakesIjWmleuq", "created_at": "2025-03-04T10:00:06.264Z", "updated_at": "2025-03-04T10:59:38.876Z", "shipping_name": "brogan", "shipping_address": "9 Saint Joseph's Street", "shipping_city": "London", "shipping_postcode": "SW8 4EU", "shipping_country": "GB"}}, {"model": "orders.order", "pk": 107, "fields": {"user": null, "email": "brogancarpenter@hotmail.co.uk", "status": "PAID", "total_price": "102.00", "stripe_payment_intent": "cs_test_b1oSKdQRddFTQINCHduPag96zcHAwbjRYmnkZGhwpVpUjUFAbORFoRR0kJ", "created_at": "2025-03-04T10:15:40.135Z", "updated_at": "2025-03-04T10:16:06.760Z", "shipping_name": "brogan", "shipping_address": "9 Saint Joseph's Street", "shipping_city": "London", "shipping_postcode": "SW8 4EU", "shipping_country": "GB"}}, {"model": "orders.order", "pk": 108, "fields": {"user": 24, "email": "ziydujikku@gufum.com", "status": "PAID", "total_price": "102.00", "stripe_payment_intent": "cs_test_b1N8C1hFtaEK26kOggrd3NP1tAMMH518QWMjXs96zgfUmE8qz8xNoJ9R9F", "created_at": "2025-03-04T10:40:19.331Z", "updated_at": "2025-03-04T10:40:53.780Z", "shipping_name": "ziydujikku", "shipping_address": "40 Hanway Street", "shipping_city": "London", "shipping_postcode": "W1T 1UT", "shipping_country": "GB"}}, {"model": "orders.order", "pk": 109, "fields": {"user": 2, "email": "", "status": "CANCELLED", "total_price": "48.00", "stripe_payment_intent": "cs_test_a1camZVSU2LN1j2QpefmSoOubKI1Yph2Sw1I37Y0PbWlS1DnQt9MeFlkeu", "created_at": "2025-03-04T12:10:01.144Z", "updated_at": "2025-03-04T12:10:38.171Z", "shipping_name": null, "shipping_address": null, "shipping_city": null, "shipping_postcode": null, "shipping_country": null}}, {"model": "orders.order", "pk": 111, "fields": {"user": 2, "email": "brogancarpenter@hotmail.co.uk", "status": "PAID", "total_price": "48.00", "stripe_payment_intent": "cs_test_a1QoLuKvOuLyTdWEpK5xduMERaYpVvOLptJzrjpMIuwuHI78KEOW1fAq3p", "created_at": "2025-03-04T12:11:06.867Z", "updated_at": "2025-03-04T12:11:27.880Z", "shipping_name": "brogan", "shipping_address": "9 Saint Joseph's Street", "shipping_city": "London", "shipping_postcode": "SW8 4EU", "shipping_country": "GB"}}, {"model": "orders.order", "pk": 112, "fields": {"user": 20, "email": "sbarriball@me.com", "status": "PAID", "total_price": "401.00", "stripe_payment_intent": "cs_test_b1UFdK8eAKrEBWtl2wGBXF5jTMvBfk2ptLVlDPHFZb8TLb2n7iB73IzspY", "created_at": "2025-03-04T16:07:21.917Z", "updated_at": "2025-03-04T16:07:44.236Z", "shipping_name": "Spencer Barriball", "shipping_address": "12 Hingston View", "shipping_city": "Moretonhampstead", "shipping_postcode": "TQ13 8FW", "shipping_country": "GB"}}, {"model": "orders.orderitem", "pk": 44, "fields": {"order": 81, "product": 5, "quantity": 1, "price": "24.00"}}, {"model": "orders.orderitem", "pk": 45, "fields": {"order": 82, "product": 8, "quantity": 1, "price": "29.00"}}, {"model": "orders.orderitem", "pk": 53, "fields": {"order": 89, "product": 5, "quantity": 1, "price": "24.00"}}, {"model": "orders.orderitem", "pk": 54, "fields": {"order": 90, "product": 6, "quantity": 1, "price": "32.00"}}, {"model": "orders.orderitem", "pk": 55, "fields": {"order": 90, "product": 7, "quantity": 1, "price": "44.00"}}, {"model": "orders.orderitem", "pk": 56, "fields": {"order": 90, "product": 8, "quantity": 1, "price": "29.00"}}, {"model": "orders.orderitem", "pk": 58, "fields": {"order": 94, "product": 4, "quantity": 1, "price": "26.00"}}, {"model": "orders.orderitem", "pk": 64, "fields": {"order": 98, "product": 2, "quantity": 2, "price": "0.01"}}, {"model": "orders.orderitem", "pk": 72, "fields": {"order": 102, "product": 10, "quantity": 1, "price": "28.00"}}, {"model": "orders.orderitem", "pk": 81, "fields": {"order": 107, "product": 2, "quantity": 1, "price": "24.00"}}, {"model": "orders.orderitem", "pk": 82, "fields": {"order": 107, "product": 3, "quantity": 2, "price": "26.00"}}, {"model": "orders.orderitem", "pk": 83, "fields": {"order": 107, "product": 4, "quantity": 1, "price": "26.00"}}, {"model": "orders.orderitem", "pk": 84, "fields": {"order": 108, "product": 2, "quantity": 1, "price": "24.00"}}, {"model": "orders.orderitem", "pk": 85, "fields": {"order": 108, "product": 3, "quantity": 1, "price": "26.00"}}, {"model": "orders.orderitem", "pk": 86, "fields": {"order": 108, "product": 4, "quantity": 2, "price": "26.00"}}, {"model": "orders.orderitem", "pk": 87, "fields": {"order": 109, "product": 5, "quantity": 2, "price": "24.00"}}, {"model": "orders.orderitem", "pk": 89, "fields": {"order": 111, "product": 5, "quantity": 2, "price": "24.00"}}, {"model": "orders.orderitem", "pk": 90, "fields": {"order": 112, "product": 6, "quantity": 8, "price": "32.00"}}, {"model": "orders.orderitem", "pk": 91, "fields": {"order": 112, "product": 8, "quantity": 5, "price": "29.00"}},{"model": "admin.logentry", "pk": 1, "fields": {"action_time": "2025-02-17T18:45:26.766Z", "user": 1, "content_type": 11, "object_id": "4", "object_repr": "Order 4 by brogandaisy", "action_flag": 2, "change_message": "[{\"changed\": {\"fields\": [\"User\"]}}]"}}, {"model": "admin.logentry", "pk": 2, "fields": {"action_time": "2025-02-17T21:59:53.663Z", "user": 1, "content_type": 7, "object_id": "1", "object_repr": "BrightonGlow Candle", "action_flag": 3, "change_message": ""}}, {"model": "admin.logentry", "pk": 3, "fields": {"action_time": "2025-02-21T18:51:42.018Z", "user": 1, "content_type": 11, "object_id": "44", "object_repr": "Order 44 by brogancarpenter", "action_flag": 3, "change_message": ""}}, {"model": "admin.logentry", "pk": 4, "fields": {"action_time": "2025-02-21T18:51:42.018Z", "user": 1, "content_type": 11, "object_id": "43", "object_repr": "Order 43 by brogancarpenter", "action_flag": 3, "change_message": ""}}, {"model": "admin.logentry", "pk": 5, "fields": {"action_time": "2025-02-21T18:51:42.018Z", "user": 1, "content_type": 11, "object_id": "42", "object_repr": "Order 42 by brogancarpenter", "action_flag": 3, "change_message": ""}}, {"model": "admin.logentry", "pk": 6, "fields": {"action_time": "2025-02-21T18:51:42.018Z", "user": 1, "content_type": 11, "object_id": "41", "object_repr": "Order 41 by brogancarpenter", "action_flag": 3, "change_message": ""}}, {"model": "admin.logentry", "pk": 7, "fields": {"action_time": "2025-02-21T18:51:42.018Z", "user": 1, "content_type": 11, "object_id": "40", "object_repr": "Order 40 by brogancarpenter", "action_flag": 3, "change_message": ""}}, {"model": "admin.logentry", "pk": 8, "fields": {"action_time": "2025-02-21T18:51:42.018Z", "user": 1, "content_type": 11, "object_id": "39", "object_repr": "Order 39 by brogancarpenter", "action_flag": 3, "change_message": ""}}, {"model": "admin.logentry", "pk": 9, "fields": {"action_time": "2025-02-21T18:51:42.018Z", "user": 1, "content_type": 11, "object_id": "38", "object_repr": "Order 38 by brogancarpenter", "action_flag": 3, "change_message": ""}}, {"model": "admin.logentry", "pk": 10, "fields": {"action_time": "2025-02-21T18:51:42.018Z", "user": 1, "content_type": 11, "object_id": "37", "object_repr": "Order 37 by brogancarpenter", "action_flag": 3, "change_message": ""}}, {"model": "admin.logentry", "pk": 11, "fields": {"action_time": "2025-02-21T18:51:42.018Z", "user": 1, "content_type": 11, "object_id": "36", "object_repr": "Order 36 by brogancarpenter", "action_flag": 3, "change_message": ""}}, {"model": "admin.logentry", "pk": 12, "fields": {"action_time": "2025-02-21T18:51:42.018Z", "user": 1, "content_type": 11, "object_id": "35", "object_repr": "Order 35 by brogancarpenter", "action_flag": 3, "change_message": ""}}, {"model": "admin.logentry", "pk": 13, "fields": {"action_time": "2025-02-21T18:51:42.019Z", "user": 1, "content_type": 11, "object_id": "34", "object_repr": "Order 34 by brogancarpenter", "action_flag": 3, "change_message": ""}}, {"model": "admin.logentry", "pk": 14, "fields": {"action_time": "2025-02-21T18:51:42.019Z", "user": 1, "content_type": 11, "object_id": "33", "object_repr": "Order 33 by brogancarpenter", "action_flag": 3, "change_message": ""}}, {"model": "admin.logentry", "pk": 15, "fields": {"action_time": "2025-02-21T18:51:42.019Z", "user": 1, "content_type": 11, "object_id": "32", "object_repr": "Order 32 by brogancarpenter", "action_flag": 3, "change_message": ""}}, {"model": "admin.logentry", "pk": 16, "fields": {"action_time": "2025-02-21T18:51:42.019Z", "user": 1, "content_type": 11, "object_id": "31", "object_repr": "Order 31 by brogancarpenter", "action_flag": 3, "change_message": ""}}, {"model": "admin.logentry", "pk": 17, "fields": {"action_time": "2025-02-21T18:51:42.019Z", "user": 1, "content_type": 11, "object_id": "30", "object_repr": "Order 30 by brogancarpenter", "action_flag": 3, "change_message": ""}}, {"model": "admin.logentry", "pk": 18, "fields": {"action_time": "2025-02-21T18:51:42.019Z", "user": 1, "content_type": 11, "object_id": "29", "object_repr": "Order 29 by brogancarpenter", "action_flag": 3, "change_message": ""}}, {"model": "admin.logentry", "pk": 19, "fields": {"action_time": "2025-02-21T18:51:42.019Z", "user": 1, "content_type": 11, "object_id": "28", "object_repr": "Order 28 by brogancarpenter", "action_flag": 3, "change_message": ""}}, {"model": "admin.logentry", "pk": 20, "fields": {"action_time": "2025-02-21T18:51:42.019Z", "user": 1, "content_type": 11, "object_id": "26", "object_repr": "Order 26 by brogancarpenter", "action_flag": 3, "change_message": ""}}, {"model": "admin.logentry", "pk": 21, "fields": {"action_time": "2025-02-21T18:51:42.019Z", "user": 1, "content_type": 11, "object_id": "25", "object_repr": "Order 25 by brogancarpenter", "action_flag": 3, "change_message": ""}}, {"model": "admin.logentry", "pk": 22, "fields": {"action_time": "2025-02-21T18:51:42.019Z", "user": 1, "content_type": 11, "object_id": "24", "object_repr": "Order 24 by brogancarpenter", "action_flag": 3, "change_message": ""}}, {"model": "admin.logentry", "pk": 23, "fields": {"action_time": "2025-02-21T18:51:42.019Z", "user": 1, "content_type": 11, "object_id": "23", "object_repr": "Order 23 by brogancarpenter", "action_flag": 3, "change_message": ""}}, {"model": "admin.logentry", "pk": 24, "fields": {"action_time": "2025-02-21T18:51:42.019Z", "user": 1, "content_type": 11, "object_id": "22", "object_repr": "Order 22 by brogancarpenter", "action_flag": 3, "change_message": ""}}, {"model": "admin.logentry", "pk": 25, "fields": {"action_time": "2025-02-21T18:51:42.019Z", "user": 1, "content_type": 11, "object_id": "21", "object_repr": "Order 21 by brogancarpenter", "action_flag": 3, "change_message": ""}}, {"model": "admin.logentry", "pk": 26, "fields": {"action_time": "2025-02-21T18:51:42.019Z", "user": 1, "content_type": 11, "object_id": "19", "object_repr": "Order 19 by brogancarpenter", "action_flag": 3, "change_message": ""}}, {"model": "admin.logentry", "pk": 27, "fields": {"action_time": "2025-02-21T18:51:42.019Z", "user": 1, "content_type": 11, "object_id": "18", "object_repr": "Order 18 by brogancarpenter", "action_flag": 3, "change_message": ""}}, {"model": "admin.logentry", "pk": 28, "fields": {"action_time": "2025-02-21T18:51:42.019Z", "user": 1, "content_type": 11, "object_id": "17", "object_repr": "Order 17 by brogancarpenter", "action_flag": 3, "change_message": ""}}, {"model": "admin.logentry", "pk": 29, "fields": {"action_time": "2025-02-21T18:51:42.019Z", "user": 1, "content_type": 11, "object_id": "16", "object_repr": "Order 16 by brogancarpenter", "action_flag": 3, "change_message": ""}}, {"model": "admin.logentry", "pk": 30, "fields": {"action_time": "2025-02-21T18:51:42.019Z", "user": 1, "content_type": 11, "object_id": "15", "object_repr": "Order 15 by brogancarpenter", "action_flag": 3, "change_message": ""}}, {"model": "admin.logentry", "pk": 31, "fields": {"action_time": "2025-02-21T18:51:42.019Z", "user": 1, "content_type": 11, "object_id": "14", "object_repr": "Order 14 by brogancarpenter", "action_flag": 3, "change_message": ""}}, {"model": "admin.logentry", "pk": 32, "fields": {"action_time": "2025-02-21T18:51:42.019Z", "user": 1, "content_type": 11, "object_id": "13", "object_repr": "Order 13 by brogancarpenter", "action_flag": 3, "change_message": ""}}, {"model": "admin.logentry", "pk": 33, "fields": {"action_time": "2025-02-21T18:51:42.019Z", "user": 1, "content_type": 11, "object_id": "12", "object_repr": "Order 12 by brogancarpenter", "action_flag": 3, "change_message": ""}}, {"model": "admin.logentry", "pk": 34, "fields": {"action_time": "2025-02-21T18:51:42.019Z", "user": 1, "content_type": 11, "object_id": "11", "object_repr": "Order 11 by brogancarpenter", "action_flag": 3, "change_message": ""}}, {"model": "admin.logentry", "pk": 35, "fields": {"action_time": "2025-02-21T18:51:42.019Z", "user": 1, "content_type": 11, "object_id": "10", "object_repr": "Order 10 by brogancarpenter", "action_flag": 3, "change_message": ""}}, {"model": "admin.logentry", "pk": 36, "fields": {"action_time": "2025-02-21T18:51:42.019Z", "user": 1, "content_type": 11, "object_id": "9", "object_repr": "Order 9 by brogancarpenter", "action_flag": 3, "change_message": ""}}, {"model": "admin.logentry", "pk": 37, "fields": {"action_time": "2025-02-21T18:51:42.019Z", "user": 1, "content_type": 11, "object_id": "8", "object_repr": "Order 8 by brogancarpenter", "action_flag": 3, "change_message": ""}}, {"model": "admin.logentry", "pk": 38, "fields": {"action_time": "2025-02-21T18:51:42.019Z", "user": 1, "content_type": 11, "object_id": "7", "object_repr": "Order 7 by brogancarpenter", "action_flag": 3, "change_message": ""}}, {"model": "admin.logentry", "pk": 39, "fields": {"action_time": "2025-02-21T18:51:42.019Z", "user": 1, "content_type": 11, "object_id": "6", "object_repr": "Order 6 by brogancarpenter", "action_flag": 3, "change_message": ""}}, {"model": "admin.logentry", "pk": 40, "fields": {"action_time": "2025-02-21T18:51:42.019Z", "user": 1, "content_type": 11, "object_id": "5", "object_repr": "Order 5 by brogancarpenter", "action_flag": 3, "change_message": ""}}, {"model": "admin.logentry", "pk": 41, "fields": {"action_time": "2025-02-21T18:51:42.019Z", "user": 1, "content_type": 11, "object_id": "3", "object_repr": "Order 3 by brogancarpenter", "action_flag": 3, "change_message": ""}}, {"model": "admin.logentry", "pk": 42, "fields": {"action_time": "2025-02-21T18:51:42.019Z", "user": 1, "content_type": 11, "object_id": "2", "object_repr": "Order 2 by brogancarpenter", "action_flag": 3, "change_message": ""}}, {"model": "admin.logentry", "pk": 43, "fields": {"action_time": "2025-02-21T18:51:42.019Z", "user": 1, "content_type": 11, "object_id": "1", "object_repr": "Order 1 by brogancarpenter", "action_flag": 3, "change_message": ""}}, {"model": "admin.logentry", "pk": 44, "fields": {"action_time": "2025-02-28T22:33:02.871Z", "user": 1, "content_type": 7, "object_id": "12", "object_repr": "Overnight Set", "action_flag": 2, "change_message": "[{\"changed\": {\"fields\": [\"Image\"]}}]"}}, {"model": "admin.logentry", "pk": 45, "fields": {"action_time": "2025-02-28T22:33:15.524Z", "user": 1, "content_type": 7, "object_id": "11", "object_repr": "The Starter Set", "action_flag": 2, "change_message": "[{\"changed\": {\"fields\": [\"Image\"]}}]"}}, {"model": "admin.logentry", "pk": 46, "fields": {"action_time": "2025-02-28T22:33:33.162Z", "user": 1, "content_type": 7, "object_id": "10", "object_repr": "Hydration Mask", "action_flag": 2, "change_message": "[{\"changed\": {\"fields\": [\"Image\"]}}]"}}, {"model": "admin.logentry", "pk": 47, "fields": {"action_time": "2025-02-28T22:33:49.035Z", "user": 1, "content_type": 7, "object_id": "9", "object_repr": "Clay Mask", "action_flag": 2, "change_message": "[{\"changed\": {\"fields\": [\"Image\"]}}]"}}, {"model": "admin.logentry", "pk": 48, "fields": {"action_time": "2025-02-28T22:34:02.971Z", "user": 1, "content_type": 7, "object_id": "8", "object_repr": "Hyaluronic Acid Serum", "action_flag": 2, "change_message": "[{\"changed\": {\"fields\": [\"Image\"]}}]"}}, {"model": "admin.logentry", "pk": 49, "fields": {"action_time": "2025-02-28T22:34:11.942Z", "user": 1, "content_type": 7, "object_id": "7", "object_repr": "Retinal Serum", "action_flag": 2, "change_message": "[{\"changed\": {\"fields\": [\"Image\"]}}]"}}, {"model": "admin.logentry", "pk": 50, "fields": {"action_time": "2025-02-28T22:34:19.259Z", "user": 1, "content_type": 7, "object_id": "6", "object_repr": "Vitamin C Serum", "action_flag": 2, "change_message": "[{\"changed\": {\"fields\": [\"Image\"]}}]"}}, {"model": "admin.logentry", "pk": 51, "fields": {"action_time": "2025-02-28T22:34:26.202Z", "user": 1, "content_type": 7, "object_id": "5", "object_repr": "Night Cream", "action_flag": 2, "change_message": "[{\"changed\": {\"fields\": [\"Image\"]}}]"}}, {"model": "admin.logentry", "pk": 52, "fields": {"action_time": "2025-02-28T22:34:32.326Z", "user": 1, "content_type": 7, "object_id": "4", "object_repr": "Day Cream", "action_flag": 2, "change_message": "[{\"changed\": {\"fields\": [\"Image\"]}}]"}}, {"model": "admin.logentry", "pk": 53, "fields": {"action_time": "2025-02-28T22:34:40.503Z", "user": 1, "content_type": 7, "object_id": "3", "object_repr": "Oil Face Cleanser", "action_flag": 2, "change_message": "[{\"changed\": {\"fields\": [\"Image\"]}}]"}}, {"model": "admin.logentry", "pk": 54, "fields": {"action_time": "2025-02-28T22:34:46.474Z", "user": 1, "content_type": 7, "object_id": "2", "object_repr": "Foam Face Cleanser", "action_flag": 2, "change_message": "[{\"changed\": {\"fields\": [\"Image\"]}}]"}}, {"model": "admin.logentry", "pk": 55, "fields": {"action_time": "2025-02-28T22:36:19.568Z", "user": 1, "content_type": 7, "object_id": "2", "object_repr": "Foam Face Cleanser", "action_flag": 2, "change_message": "[{\"changed\": {\"fields\": [\"Price\"]}}]"}}, {"model": "admin.logentry", "pk": 56, "fields": {"action_time": "2025-03-02T07:32:30.485Z", "user": 1, "content_type": 7, "object_id": "12", "object_repr": "Overnight Set", "action_flag": 2, "change_message": "[{\"changed\": {\"fields\": [\"Skin type\"]}}]"}}, {"model": "admin.logentry", "pk": 57, "fields": {"action_time": "2025-03-02T07:32:36.947Z", "user": 1, "content_type": 7, "object_id": "11", "object_repr": "The Starter Set", "action_flag": 2, "change_message": "[{\"changed\": {\"fields\": [\"Skin type\"]}}]"}}, {"model": "admin.logentry", "pk": 58, "fields": {"action_time": "2025-03-02T07:32:44.069Z", "user": 1, "content_type": 7, "object_id": "10", "object_repr": "Hydration Mask", "action_flag": 2, "change_message": "[{\"changed\": {\"fields\": [\"Skin type\"]}}]"}}, {"model": "admin.logentry", "pk": 59, "fields": {"action_time": "2025-03-02T07:32:49.041Z", "user": 1, "content_type": 7, "object_id": "9", "object_repr": "Clay Mask", "action_flag": 2, "change_message": "[{\"changed\": {\"fields\": [\"Skin type\"]}}]"}}, {"model": "admin.logentry", "pk": 60, "fields": {"action_time": "2025-03-02T07:32:53.829Z", "user": 1, "content_type": 7, "object_id": "8", "object_repr": "Hyaluronic Acid Serum", "action_flag": 2, "change_message": "[{\"changed\": {\"fields\": [\"Skin type\"]}}]"}}, {"model": "admin.logentry", "pk": 61, "fields": {"action_time": "2025-03-02T07:32:58.539Z", "user": 1, "content_type": 7, "object_id": "7", "object_repr": "Retinal Serum", "action_flag": 2, "change_message": "[{\"changed\": {\"fields\": [\"Skin type\"]}}]"}}, {"model": "admin.logentry", "pk": 62, "fields": {"action_time": "2025-03-02T07:33:03.004Z", "user": 1, "content_type": 7, "object_id": "7", "object_repr": "Retinal Serum", "action_flag": 2, "change_message": "[{\"changed\": {\"fields\": [\"Skin type\"]}}]"}}, {"model": "admin.logentry", "pk": 63, "fields": {"action_time": "2025-03-02T07:33:07.552Z", "user": 1, "content_type": 7, "object_id": "6", "object_repr": "Vitamin C Serum", "action_flag": 2, "change_message": "[{\"changed\": {\"fields\": [\"Skin type\"]}}]"}}, {"model": "admin.logentry", "pk": 64, "fields": {"action_time": "2025-03-02T07:33:11.706Z", "user": 1, "content_type": 7, "object_id": "5", "object_repr": "Night Cream", "action_flag": 2, "change_message": "[{\"changed\": {\"fields\": [\"Skin type\"]}}]"}}, {"model": "admin.logentry", "pk": 65, "fields": {"action_time": "2025-03-02T07:33:16.622Z", "user": 1, "content_type": 7, "object_id": "4", "object_repr": "Day Cream", "action_flag": 2, "change_message": "[{\"changed\": {\"fields\": [\"Skin type\"]}}]"}}, {"model": "admin.logentry", "pk": 66, "fields": {"action_time": "2025-03-02T07:33:21.396Z", "user": 1, "content_type": 7, "object_id": "3", "object_repr": "Oil Face Cleanser", "action_flag": 2, "change_message": "[{\"changed\": {\"fields\": [\"Skin type\"]}}]"}}, {"model": "admin.logentry", "pk": 67, "fields": {"action_time": "2025-03-02T07:33:25.648Z", "user": 1, "content_type": 7, "object_id": "2", "object_repr": "Foam Face Cleanser", "action_flag": 2, "change_message": "[{\"changed\": {\"fields\": [\"Skin type\"]}}]"}}, {"model": "admin.logentry", "pk": 68, "fields": {"action_time": "2025-03-02T08:14:41.113Z", "user": 1, "content_type": 7, "object_id": "12", "object_repr": "Overnight Set", "action_flag": 2, "change_message": "[{\"changed\": {\"fields\": [\"Skin types\"]}}]"}}, {"model": "admin.logentry", "pk": 69, "fields": {"action_time": "2025-03-02T08:14:54.362Z", "user": 1, "content_type": 7, "object_id": "11", "object_repr": "The Starter Set", "action_flag": 2, "change_message": "[{\"changed\": {\"fields\": [\"Skin types\"]}}]"}}, {"model": "admin.logentry", "pk": 70, "fields": {"action_time": "2025-03-02T08:19:56.416Z", "user": 1, "content_type": 7, "object_id": "10", "object_repr": "Hydration Mask", "action_flag": 2, "change_message": "[{\"changed\": {\"fields\": [\"Skin types\"]}}]"}}, {"model": "admin.logentry", "pk": 71, "fields": {"action_time": "2025-03-02T08:20:03.842Z", "user": 1, "content_type": 7, "object_id": "9", "object_repr": "Clay Mask", "action_flag": 2, "change_message": "[{\"changed\": {\"fields\": [\"Skin types\"]}}]"}}, {"model": "admin.logentry", "pk": 72, "fields": {"action_time": "2025-03-02T08:20:16.252Z", "user": 1, "content_type": 7, "object_id": "8", "object_repr": "Hyaluronic Acid Serum", "action_flag": 2, "change_message": "[{\"changed\": {\"fields\": [\"Skin types\"]}}]"}}, {"model": "admin.logentry", "pk": 73, "fields": {"action_time": "2025-03-02T08:20:23.994Z", "user": 1, "content_type": 7, "object_id": "7", "object_repr": "Retinal Serum", "action_flag": 2, "change_message": "[{\"changed\": {\"fields\": [\"Skin types\"]}}]"}}, {"model": "admin.logentry", "pk": 74, "fields": {"action_time": "2025-03-02T08:20:34.222Z", "user": 1, "content_type": 7, "object_id": "6", "object_repr": "Vitamin C Serum", "action_flag": 2, "change_message": "[{\"changed\": {\"fields\": [\"Skin types\"]}}]"}}, {"model": "admin.logentry", "pk": 75, "fields": {"action_time": "2025-03-02T08:20:40.772Z", "user": 1, "content_type": 7, "object_id": "5", "object_repr": "Night Cream", "action_flag": 2, "change_message": "[{\"changed\": {\"fields\": [\"Skin types\"]}}]"}}, {"model": "admin.logentry", "pk": 76, "fields": {"action_time": "2025-03-02T08:20:47.695Z", "user": 1, "content_type": 7, "object_id": "4", "object_repr": "Day Cream", "action_flag": 2, "change_message": "[{\"changed\": {\"fields\": [\"Skin types\"]}}]"}}, {"model": "admin.logentry", "pk": 77, "fields": {"action_time": "2025-03-02T08:20:57.483Z", "user": 1, "content_type": 7, "object_id": "3", "object_repr": "Oil Face Cleanser", "action_flag": 2, "change_message": "[{\"changed\": {\"fields\": [\"Skin types\"]}}]"}}, {"model": "admin.logentry", "pk": 78, "fields": {"action_time": "2025-03-02T08:21:06.333Z", "user": 1, "content_type": 7, "object_id": "2", "object_repr": "Foam Face Cleanser", "action_flag": 2, "change_message": "[{\"changed\": {\"fields\": [\"Skin types\"]}}]"}}, {"model": "admin.logentry", "pk": 79, "fields": {"action_time": "2025-03-03T22:23:16.117Z", "user": 1, "content_type": 11, "object_id": "92", "object_repr": "Order 92 - brogandaisy@gmail.com", "action_flag": 2, "change_message": "[{\"changed\": {\"fields\": [\"Status\"]}}]"}}, {"model": "admin.logentry", "pk": 80, "fields": {"action_time": "2025-03-03T22:26:10.971Z", "user": 1, "content_type": 11, "object_id": "82", "object_repr": "Order 82 - brogancarpenter", "action_flag": 2, "change_message": "[{\"changed\": {\"fields\": [\"Status\"]}}]"}}, {"model": "admin.logentry", "pk": 81, "fields": {"action_time": "2025-03-03T22:26:38.968Z", "user": 1, "content_type": 11, "object_id": "82", "object_repr": "Order 82 - brogancarpenter", "action_flag": 2, "change_message": "[{\"changed\": {\"fields\": [\"Status\"]}}]"}}, {"model": "admin.logentry", "pk": 82, "fields": {"action_time": "2025-03-03T23:19:07.368Z", "user": 1, "content_type": 7, "object_id": "2", "object_repr": "Foam Face Cleanser", "action_flag": 2, "change_message": "[{\"changed\": {\"fields\": [\"Price\"]}}]"}}, {"model": "admin.logentry", "pk": 83, "fields": {"action_time": "2025-03-03T23:19:28.265Z", "user": 1, "content_type": 11, "object_id": "91", "object_repr": "Order 91 - brogandaisy@gmail.com", "action_flag": 2, "change_message": "[{\"changed\": {\"fields\": [\"Status\"]}}]"}}, {"model": "admin.logentry", "pk": 84, "fields": {"action_time": "2025-03-04T18:10:53.698Z", "user": 1, "content_type": 11, "object_id": "115", "object_repr": "Order 115 - brogandaisy", "action_flag": 3, "change_message": ""}}, {"model": "admin.logentry", "pk": 85, "fields": {"action_time": "2025-03-04T18:10:53.698Z", "user": 1, "content_type": 11, "object_id": "114", "object_repr": "Order 114 - brogandaisy", "action_flag": 3, "change_message": ""}}, {"model": "admin.logentry", "pk": 86, "fields": {"action_time": "2025-03-04T18:10:53.698Z", "user": 1, "content_type": 11, "object_id": "110", "object_repr": "Order 110 - brogandaisy", "action_flag": 3, "change_message": ""}}, {"model": "admin.logentry", "pk": 87, "fields": {"action_time": "2025-03-04T18:10:53.698Z", "user": 1, "content_type": 11, "object_id": "101", "object_repr": "Order 101 - brogancarpenter", "action_flag": 3, "change_message": ""}}, {"model": "admin.logentry", "pk": 88, "fields": {"action_time": "2025-03-04T18:10:53.698Z", "user": 1, "content_type": 11, "object_id": "100", "object_repr": "Order 100 - brogancarpenter", "action_flag": 3, "change_message": ""}}, {"model": "admin.logentry", "pk": 89, "fields": {"action_time": "2025-03-04T18:10:53.698Z", "user": 1, "content_type": 11, "object_id": "97", "object_repr": "Order 97 - Guest", "action_flag": 3, "change_message": ""}}, {"model": "admin.logentry", "pk": 90, "fields": {"action_time": "2025-03-04T18:10:53.698Z", "user": 1, "content_type": 11, "object_id": "95", "object_repr": "Order 95 - virtogulmu", "action_flag": 3, "change_message": ""}}, {"model": "admin.logentry", "pk": 91, "fields": {"action_time": "2025-03-04T18:11:50.699Z", "user": 1, "content_type": 11, "object_id": "113", "object_repr": "Order 113 - brogandaisy", "action_flag": 3, "change_message": ""}}, {"model": "admin.logentry", "pk": 92, "fields": {"action_time": "2025-03-04T18:11:50.699Z", "user": 1, "content_type": 11, "object_id": "106", "object_repr": "Order 106 - Guest", "action_flag": 3, "change_message": ""}}, {"model": "admin.logentry", "pk": 93, "fields": {"action_time": "2025-03-04T18:11:50.699Z", "user": 1, "content_type": 11, "object_id": "105", "object_repr": "Order 105 - Guest", "action_flag": 3, "change_message": ""}}, {"model": "admin.logentry", "pk": 94, "fields": {"action_time": "2025-03-04T18:11:50.699Z", "user": 1, "content_type": 11, "object_id": "104", "object_repr": "Order 104 - Guest", "action_flag": 3, "change_message": ""}}, {"model": "admin.logentry", "pk": 95, "fields": {"action_time": "2025-03-04T18:11:50.699Z", "user": 1, "content_type": 11, "object_id": "103", "object_repr": "Order 103 - Guest", "action_flag": 3, "change_message": ""}}, {"model": "admin.logentry", "pk": 96, "fields": {"action_time": "2025-03-04T18:11:50.699Z", "user": 1, "content_type": 11, "object_id": "99", "object_repr": "Order 99 - Guest", "action_flag": 3, "change_message": ""}}, {"model": "admin.logentry", "pk": 97, "fields": {"action_time": "2025-03-04T18:11:50.699Z", "user": 1, "content_type": 11, "object_id": "96", "object_repr": "Order 96 - brogandaisy", "action_flag": 3, "change_message": ""}}, {"model": "admin.logentry", "pk": 98, "fields": {"action_time": "2025-03-04T18:11:50.699Z", "user": 1, "content_type": 11, "object_id": "93", "object_repr": "Order 93 - brogancarpenter", "action_flag": 3, "change_message": ""}}, {"model": "admin.logentry", "pk": 99, "fields": {"action_time": "2025-03-04T18:11:50.699Z", "user": 1, "content_type": 11, "object_id": "88", "object_repr": "Order 88 - brogancarpenter", "action_flag": 3, "change_message": ""}}, {"model": "admin.logentry", "pk": 100, "fields": {"action_time": "2025-03-04T18:11:50.699Z", "user": 1, "content_type": 11, "object_id": "87", "object_repr": "Order 87 - Guest", "action_flag": 3, "change_message": ""}}, {"model": "admin.logentry", "pk": 101, "fields": {"action_time": "2025-03-04T18:11:50.699Z", "user": 1, "content_type": 11, "object_id": "86", "object_repr": "Order 86 - brogancarpenter", "action_flag": 3, "change_message": ""}}, {"model": "admin.logentry", "pk": 102, "fields": {"action_time": "2025-03-04T18:11:50.699Z", "user": 1, "content_type": 11, "object_id": "85", "object_repr": "Order 85 - brogancarpenter", "action_flag": 3, "change_message": ""}}, {"model": "admin.logentry", "pk": 103, "fields": {"action_time": "2025-03-04T18:11:50.699Z", "user": 1, "content_type": 11, "object_id": "84", "object_repr": "Order 84 - brogancarpenter", "action_flag": 3, "change_message": ""}}, {"model": "admin.logentry", "pk": 104, "fields": {"action_time": "2025-03-04T18:11:50.699Z", "user": 1, "content_type": 11, "object_id": "83", "object_repr": "Order 83 - brogancarpenter", "action_flag": 3, "change_message": ""}}, {"model": "admin.logentry", "pk": 105, "fields": {"action_time": "2025-03-04T18:11:50.699Z", "user": 1, "content_type": 11, "object_id": "80", "object_repr": "Order 80 - brogancarpenter", "action_flag": 3, "change_message": ""}}, {"model": "admin.logentry", "pk": 106, "fields": {"action_time": "2025-03-04T18:11:50.699Z", "user": 1, "content_type": 11, "object_id": "79", "object_repr": "Order 79 - brogancarpenter", "action_flag": 3, "change_message": ""}}, {"model": "admin.logentry", "pk": 107, "fields": {"action_time": "2025-03-04T18:11:50.699Z", "user": 1, "content_type": 11, "object_id": "78", "object_repr": "Order 78 - brogancarpenter", "action_flag": 3, "change_message": ""}}, {"model": "admin.logentry", "pk": 108, "fields": {"action_time": "2025-03-04T18:11:50.699Z", "user": 1, "content_type": 11, "object_id": "77", "object_repr": "Order 77 - brogancarpenter", "action_flag": 3, "change_message": ""}}, {"model": "admin.logentry", "pk": 109, "fields": {"action_time": "2025-03-04T18:11:50.699Z", "user": 1, "content_type": 11, "object_id": "76", "object_repr": "Order 76 - brogancarpenter", "action_flag": 3, "change_message": ""}}, {"model": "admin.logentry", "pk": 110, "fields": {"action_time": "2025-03-04T18:11:50.699Z", "user": 1, "content_type": 11, "object_id": "75", "object_repr": "Order 75 - brogancarpenter", "action_flag": 3, "change_message": ""}}, {"model": "admin.logentry", "pk": 111, "fields": {"action_time": "2025-03-04T18:11:50.699Z", "user": 1, "content_type": 11, "object_id": "74", "object_repr": "Order 74 - brogancarpenter", "action_flag": 3, "change_message": ""}}, {"model": "admin.logentry", "pk": 112, "fields": {"action_time": "2025-03-04T18:11:50.699Z", "user": 1, "content_type": 11, "object_id": "73", "object_repr": "Order 73 - brogancarpenter", "action_flag": 3, "change_message": ""}}, {"model": "admin.logentry", "pk": 113, "fields": {"action_time": "2025-03-04T18:11:50.699Z", "user": 1, "content_type": 11, "object_id": "72", "object_repr": "Order 72 - brogancarpenter", "action_flag": 3, "change_message": ""}}, {"model": "admin.logentry", "pk": 114, "fields": {"action_time": "2025-03-04T18:11:50.699Z", "user": 1, "content_type": 11, "object_id": "71", "object_repr": "Order 71 - brogancarpenter", "action_flag": 3, "change_message": ""}}, {"model": "admin.logentry", "pk": 115, "fields": {"action_time": "2025-03-04T18:11:50.699Z", "user": 1, "content_type": 11, "object_id": "70", "object_repr": "Order 70 - brogancarpenter", "action_flag": 3, "change_message": ""}}, {"model": "admin.logentry", "pk": 116, "fields": {"action_time": "2025-03-04T18:11:50.699Z", "user": 1, "content_type": 11, "object_id": "69", "object_repr": "Order 69 - brogancarpenter", "action_flag": 3, "change_message": ""}}, {"model": "admin.logentry", "pk": 117, "fields": {"action_time": "2025-03-04T18:11:50.699Z", "user": 1, "content_type": 11, "object_id": "68", "object_repr": "Order 68 - brogancarpenter", "action_flag": 3, "change_message": ""}}, {"model": "admin.logentry", "pk": 118, "fields": {"action_time": "2025-03-04T18:11:50.699Z", "user": 1, "content_type": 11, "object_id": "67", "object_repr": "Order 67 - brogancarpenter", "action_flag": 3, "change_message": ""}}, {"model": "admin.logentry", "pk": 119, "fields": {"action_time": "2025-03-04T18:11:50.699Z", "user": 1, "content_type": 11, "object_id": "66", "object_repr": "Order 66 - brogancarpenter", "action_flag": 3, "change_message": ""}}, {"model": "admin.logentry", "pk": 120, "fields": {"action_time": "2025-03-04T18:11:50.699Z", "user": 1, "content_type": 11, "object_id": "65", "object_repr": "Order 65 - brogancarpenter", "action_flag": 3, "change_message": ""}}, {"model": "admin.logentry", "pk": 121, "fields": {"action_time": "2025-03-04T18:11:50.699Z", "user": 1, "content_type": 11, "object_id": "64", "object_repr": "Order 64 - brogancarpenter", "action_flag": 3, "change_message": ""}}, {"model": "admin.logentry", "pk": 122, "fields": {"action_time": "2025-03-04T18:11:50.700Z", "user": 1, "content_type": 11, "object_id": "63", "object_repr": "Order 63 - brogancarpenter", "action_flag": 3, "change_message": ""}}, {"model": "admin.logentry", "pk": 123, "fields": {"action_time": "2025-03-04T18:11:50.700Z", "user": 1, "content_type": 11, "object_id": "62", "object_repr": "Order 62 - brogancarpenter", "action_flag": 3, "change_message": ""}}, {"model": "admin.logentry", "pk": 124, "fields": {"action_time": "2025-03-04T18:18:07.916Z", "user": 1, "content_type": 4, "object_id": "1", "object_repr": "brogancarpenter", "action_flag": 2, "change_message": "[{\"changed\": {\"fields\": [\"User permissions\"]}}]"}}, {"model": "admin.logentry", "pk": 125, "fields": {"action_time": "2025-03-04T18:18:21.178Z", "user": 1, "content_type": 8, "object_id": "1", "object_repr": "Customer object (1)", "action_flag": 2, "change_message": "[{\"changed\": {\"fields\": [\"Full name\"]}}]"}}, {"model": "admin.logentry", "pk": 126, "fields": {"action_time": "2025-03-04T19:58:52.236Z", "user": 1, "content_type": 8, "object_id": "24", "object_repr": "kostirispo", "action_flag": 2, "change_message": "[{\"changed\": {\"fields\": [\"Skin type\"]}}]"}}, {"model": "auth.permission", "pk": 1, "fields": {"name": "Can add log entry", "content_type": 1, "codename": "add_logentry"}}, {"model": "auth.permission", "pk": 2, "fields": {"name": "Can change log entry", "content_type": 1, "codename": "change_logentry"}}, {"model": "auth.permission", "pk": 3, "fields": {"name": "Can delete log entry", "content_type": 1, "codename": "delete_logentry"}}, {"model": "auth.permission", "pk": 4, "fields": {"name": "Can view log entry", "content_type": 1, "codename": "view_logentry"}}, {"model": "auth.permission", "pk": 5, "fields": {"name": "Can add permission", "content_type": 2, "codename": "add_permission"}}, {"model": "auth.permission", "pk": 6, "fields": {"name": "Can change permission", "content_type": 2, "codename": "change_permission"}}, {"model": "auth.permission", "pk": 7, "fields": {"name": "Can delete permission", "content_type": 2, "codename": "delete_permission"}}, {"model": "auth.permission", "pk": 8, "fields": {"name": "Can view permission", "content_type": 2, "codename": "view_permission"}}, {"model": "auth.permission", "pk": 9, "fields": {"name": "Can add group", "content_type": 3, "codename": "add_group"}}, {"model": "auth.permission", "pk": 10, "fields": {"name": "Can change group", "content_type": 3, "codename": "change_group"}}, {"model": "auth.permission", "pk": 11, "fields": {"name": "Can delete group", "content_type": 3, "codename": "delete_group"}}, {"model": "auth.permission", "pk": 12, "fields": {"name": "Can view group", "content_type": 3, "codename": "view_group"}}, {"model": "auth.permission", "pk": 13, "fields": {"name": "Can add user", "content_type": 4, "codename": "add_user"}}, {"model": "auth.permission", "pk": 14, "fields": {"name": "Can change user", "content_type": 4, "codename": "change_user"}}, {"model": "auth.permission", "pk": 15, "fields": {"name": "Can delete user", "content_type": 4, "codename": "delete_user"}}, {"model": "auth.permission", "pk": 16, "fields": {"name": "Can view user", "content_type": 4, "codename": "view_user"}}, {"model": "auth.permission", "pk": 17, "fields": {"name": "Can add content type", "content_type": 5, "codename": "add_contenttype"}}, {"model": "auth.permission", "pk": 18, "fields": {"name": "Can change content type", "content_type": 5, "codename": "change_contenttype"}}, {"model": "auth.permission", "pk": 19, "fields": {"name": "Can delete content type", "content_type": 5, "codename": "delete_contenttype"}}, {"model": "auth.permission", "pk": 20, "fields": {"name": "Can view content type", "content_type": 5, "codename": "view_contenttype"}}, {"model": "auth.permission", "pk": 21, "fields": {"name": "Can add session", "content_type": 6, "codename": "add_session"}}, {"model": "auth.permission", "pk": 22, "fields": {"name": "Can change session", "content_type": 6, "codename": "change_session"}}, {"model": "auth.permission", "pk": 23, "fields": {"name": "Can delete session", "content_type": 6, "codename": "delete_session"}}, {"model": "auth.permission", "pk": 24, "fields": {"name": "Can view session", "content_type": 6, "codename": "view_session"}}, {"model": "auth.permission", "pk": 25, "fields": {"name": "Can add product", "content_type": 7, "codename": "add_product"}}, {"model": "auth.permission", "pk": 26, "fields": {"name": "Can change product", "content_type": 7, "codename": "change_product"}}, {"model": "auth.permission", "pk": 27, "fields": {"name": "Can delete product", "content_type": 7, "codename": "delete_product"}}, {"model": "auth.permission", "pk": 28, "fields": {"name": "Can view product", "content_type": 7, "codename": "view_product"}}, {"model": "auth.permission", "pk": 29, "fields": {"name": "Can add customer", "content_type": 8, "codename": "add_customer"}}, {"model": "auth.permission", "pk": 30, "fields": {"name": "Can change customer", "content_type": 8, "codename": "change_customer"}}, {"model": "auth.permission", "pk": 31, "fields": {"name": "Can delete customer", "content_type": 8, "codename": "delete_customer"}}, {"model": "auth.permission", "pk": 32, "fields": {"name": "Can view customer", "content_type": 8, "codename": "view_customer"}}, {"model": "auth.permission", "pk": 33, "fields": {"name": "Can add category", "content_type": 9, "codename": "add_category"}}, {"model": "auth.permission", "pk": 34, "fields": {"name": "Can change category", "content_type": 9, "codename": "change_category"}}, {"model": "auth.permission", "pk": 35, "fields": {"name": "Can delete category", "content_type": 9, "codename": "delete_category"}}, {"model": "auth.permission", "pk": 36, "fields": {"name": "Can view category", "content_type": 9, "codename": "view_category"}}, {"model": "auth.permission", "pk": 37, "fields": {"name": "Can add order item", "content_type": 10, "codename": "add_orderitem"}}, {"model": "auth.permission", "pk": 38, "fields": {"name": "Can change order item", "content_type": 10, "codename": "change_orderitem"}}, {"model": "auth.permission", "pk": 39, "fields": {"name": "Can delete order item", "content_type": 10, "codename": "delete_orderitem"}}, {"model": "auth.permission", "pk": 40, "fields": {"name": "Can view order item", "content_type": 10, "codename": "view_orderitem"}}, {"model": "auth.permission", "pk": 41, "fields": {"name": "Can add order", "content_type": 11, "codename": "add_order"}}, {"model": "auth.permission", "pk": 42, "fields": {"name": "Can change order", "content_type": 11, "codename": "change_order"}}, {"model": "auth.permission", "pk": 43, "fields": {"name": "Can delete order", "content_type": 11, "codename": "delete_order"}}, {"model": "auth.permission", "pk": 44, "fields": {"name": "Can view order", "content_type": 11, "codename": "view_order"}}, {"model": "auth.permission", "pk": 45, "fields": {"name": "Can add skin type", "content_type": 12, "codename": "add_skintype"}}, {"model": "auth.permission", "pk": 46, "fields": {"name": "Can change skin type", "content_type": 12, "codename": "change_skintype"}}, {"model": "auth.permission", "pk": 47, "fields": {"name": "Can delete skin type", "content_type": 12, "codename": "delete_skintype"}}, {"model": "auth.permission", "pk": 48, "fields": {"name": "Can view skin type", "content_type": 12, "codename": "view_skintype"}}, {"model": "auth.permission", "pk": 49, "fields": {"name": "Can add product", "content_type": 13, "codename": "add_product"}}, {"model": "auth.permission", "pk": 50, "fields": {"name": "Can change product", "content_type": 13, "codename": "change_product"}}, {"model": "auth.permission", "pk": 51, "fields": {"name": "Can delete product", "content_type": 13, "codename": "delete_product"}}, {"model": "auth.permission", "pk": 52, "fields": {"name": "Can view product", "content_type": 13, "codename": "view_product"}}, {"model": "auth.user", "pk": 1, "fields": {"password": "pbkdf2_sha256$870000$6Fa1e2Uv16ehWYFFTPgKTJ$lZjDDQuj1zSupM1/JUBNuKX1AewXhhSv9K0fzXu/mhk=", "last_login": "2025-03-04T19:58:35.846Z", "is_superuser": true, "username": "brogancarpenter", "first_name": "", "last_name": "", "email": "brogancarpenter@hotmail.co.uk", "is_staff": true, "is_active": true, "date_joined": "2025-02-07T20:37:01Z", "groups": [], "user_permissions": [29, 30, 31, 32, 1, 2, 3, 4, 9, 10, 11, 12, 5, 6, 7, 8, 13, 14, 15, 16, 17, 18, 19, 20, 41, 42, 43, 44, 37, 38, 39, 40, 33, 34, 35, 36, 25, 26, 27, 28, 45, 46, 47, 48, 21, 22, 23, 24]}}, {"model": "auth.user", "pk": 2, "fields": {"password": "pbkdf2_sha256$870000$SRbRznMfBe1AJMUp04NuYc$wwa1h/5KGe+N8eAZpHOKV3n5yQ5hEo7qbMm5Ggzm7N0=", "last_login": "2025-03-04T20:48:58.204Z", "is_superuser": false, "username": "brogandaisy", "first_name": "", "last_name": "", "email": "", "is_staff": false, "is_active": true, "date_joined": "2025-02-13T11:40:52.619Z", "groups": [], "user_permissions": []}}, {"model": "auth.user", "pk": 3, "fields": {"password": "pbkdf2_sha256$870000$dk6eQ9FnougVfEnCANil2G$L8Hxvw6xiAaVp4C+Lb9rz8vMg06l7mgUX6r3RzZm97A=", "last_login": "2025-02-14T15:01:32.136Z", "is_superuser": false, "username": "annabel1", "first_name": "", "last_name": "", "email": "annabel@gmail.com", "is_staff": false, "is_active": true, "date_joined": "2025-02-14T14:54:24.852Z", "groups": [], "user_permissions": []}}, {"model": "auth.user", "pk": 4, "fields": {"password": "pbkdf2_sha256$870000$Go5iWtIhXNDZ0Tsezge3QU$ZIttfxxF8SgCdDaa0HBl9pd9oza5DCDb946Jt0u5L20=", "last_login": "2025-02-28T23:37:30.467Z", "is_superuser": false, "username": "sallystar", "first_name": "", "last_name": "", "email": "brogandaisy@gmail.com", "is_staff": false, "is_active": true, "date_joined": "2025-02-28T23:37:30.129Z", "groups": [], "user_permissions": []}}, {"model": "auth.user", "pk": 5, "fields": {"password": "pbkdf2_sha256$870000$II9QXKxfP1155ADhblgvyv$fCAcyi5OiekOa4O5CPHMNDBeQeJ1SYujcFxHrEe6AcI=", "last_login": null, "is_superuser": false, "username": "georgeh", "first_name": "", "last_name": "", "email": "brogandaisy@gmail.com", "is_staff": false, "is_active": true, "date_joined": "2025-03-01T20:48:29.685Z", "groups": [], "user_permissions": []}}, {"model": "auth.user", "pk": 6, "fields": {"password": "pbkdf2_sha256$870000$wXygD53u9VaH5FkJinTJE0$bsPJ0hyvdI/St3eXAHftZbg7i1X9ldIG2z5to5t7zTk=", "last_login": null, "is_superuser": false, "username": "broganc", "first_name": "", "last_name": "", "email": "brogandaisy@gmail.com", "is_staff": false, "is_active": true, "date_joined": "2025-03-01T20:53:00.991Z", "groups": [], "user_permissions": []}}, {"model": "auth.user", "pk": 7, "fields": {"password": "pbkdf2_sha256$870000$fMOKokxncNv2SczyWMsqdt$ksF4ZCpc4ryJzpJ2BDO4FYCM4CVqR/y1LPuB9hqSTDo=", "last_login": null, "is_superuser": false, "username": "bluebell1", "first_name": "", "last_name": "", "email": "brogandaisy@gmail.com", "is_staff": false, "is_active": true, "date_joined": "2025-03-01T20:54:58.156Z", "groups": [], "user_permissions": []}}, {"model": "auth.user", "pk": 8, "fields": {"password": "pbkdf2_sha256$870000$6NBYWyUhk6vVZAUgIFsyYK$X7tFI+tzf80w9eB1xy+4p3vTl3W/JxkYrGVk4Go7HTo=", "last_login": null, "is_superuser": false, "username": "brightonskincarelover", "first_name": "", "last_name": "", "email": "brogandaisy@gmail.com", "is_staff": false, "is_active": true, "date_joined": "2025-03-01T21:12:30.878Z", "groups": [], "user_permissions": []}}, {"model": "auth.user", "pk": 9, "fields": {"password": "pbkdf2_sha256$870000$5JoVwVxEVjc0TmTVBR5jav$gs70DFuiL8N0tbzDbmr1kAHGNEUdPFCfbaBXPNSr/Ng=", "last_login": "2025-03-01T21:15:19.600Z", "is_superuser": false, "username": "skincareaddict", "first_name": "", "last_name": "", "email": "info@lugnahomefragrance.co.uk", "is_staff": false, "is_active": true, "date_joined": "2025-03-01T21:15:19.253Z", "groups": [], "user_permissions": []}}, {"model": "auth.user", "pk": 10, "fields": {"password": "pbkdf2_sha256$870000$PSyOFwY3jT2dLEcyXR8S14$Wt40Lh3doWBNtuNSDGV/rXkVS79rH0X9xnOhgTO8QC4=", "last_login": null, "is_superuser": false, "username": "beautygirl", "first_name": "", "last_name": "", "email": "brogandaisy@gmail.com", "is_staff": false, "is_active": true, "date_joined": "2025-03-01T21:17:03.795Z", "groups": [], "user_permissions": []}}, {"model": "auth.user", "pk": 11, "fields": {"password": "pbkdf2_sha256$870000$QONI0fa72d89UG6ABao9aS$hoddmWphIJGxN3T8n6gFBh+a1AVIYQPVUuSSL8RC174=", "last_login": "2025-03-01T21:18:38.891Z", "is_superuser": false, "username": "beautyqueen", "first_name": "", "last_name": "", "email": "cikecat598@lassora.com", "is_staff": false, "is_active": true, "date_joined": "2025-03-01T21:18:38.562Z", "groups": [], "user_permissions": []}}, {"model": "auth.user", "pk": 12, "fields": {"password": "pbkdf2_sha256$870000$vF8la03cdDHPYKucCczbYQ$w/aIo130hxl8ViY0tan551Ctfdu1GRQUtC4LOGdtrqw=", "last_login": "2025-03-01T21:20:00.507Z", "is_superuser": false, "username": "beautyface1", "first_name": "", "last_name": "", "email": "faced59673@hartaria.com", "is_staff": false, "is_active": true, "date_joined": "2025-03-01T21:20:00.054Z", "groups": [], "user_permissions": []}}, {"model": "auth.user", "pk": 13, "fields": {"password": "pbkdf2_sha256$870000$jUCFvfg4QVLA5RTKxX2doD$oFvAaekjorx3LjJ2MrQWRBaIluLqYMx9pC68cPn7B64=", "last_login": null, "is_superuser": false, "username": "helloskincare", "first_name": "", "last_name": "", "email": "brogandaisy@gmail.com", "is_staff": false, "is_active": true, "date_joined": "2025-03-03T08:43:20.943Z", "groups": [], "user_permissions": []}}, {"model": "auth.user", "pk": 14, "fields": {"password": "pbkdf2_sha256$870000$H94BvHf36Q3ELdsrrlw5Pf$TXINS7wDJwzWnTFcvzvI/CTQBu6WGTQlaH4NyPtXSlk=", "last_login": null, "is_superuser": false, "username": "serumsunshine", "first_name": "", "last_name": "", "email": "brogandaisy@gmail.com", "is_staff": false, "is_active": true, "date_joined": "2025-03-03T08:49:19.868Z", "groups": [], "user_permissions": []}}, {"model": "auth.user", "pk": 15, "fields": {"password": "pbkdf2_sha256$870000$0dMHEZ8lZMGOtDUztzkEzQ$CWPSTentWdcqUoEisvfy4ojmLfngwOEL+6mqrqNJOoU=", "last_login": null, "is_superuser": false, "username": "facemasklover", "first_name": "", "last_name": "", "email": "brogandaisy@gmail.com", "is_staff": false, "is_active": true, "date_joined": "2025-03-03T08:50:48.850Z", "groups": [], "user_permissions": []}}, {"model": "auth.user", "pk": 16, "fields": {"password": "pbkdf2_sha256$870000$ykqOmoCzUjK4lWWNrFjeSS$KBMFEzSr6CfEArKSmnfszhe5BMwzGtSZWn2jywm8zqw=", "last_login": null, "is_superuser": false, "username": "skinskinskin", "first_name": "", "last_name": "", "email": "brogandaisy@gmail.com", "is_staff": false, "is_active": true, "date_joined": "2025-03-03T08:58:17.028Z", "groups": [], "user_permissions": []}}, {"model": "auth.user", "pk": 17, "fields": {"password": "pbkdf2_sha256$870000$g3Nr23tkszoRURXZd33tJ2$ISEdmELpeHBUo0WSsnFXCMHqtEyghZvuMydiA1CFmGc=", "last_login": null, "is_superuser": false, "username": "broganlovesskincare", "first_name": "", "last_name": "", "email": "brogandaisy@gmail.com", "is_staff": false, "is_active": true, "date_joined": "2025-03-03T09:05:34.096Z", "groups": [], "user_permissions": []}}, {"model": "auth.user", "pk": 18, "fields": {"password": "pbkdf2_sha256$870000$4dRUIM6PFqUmNd0t8wZ2NJ$wt96mOQLjUvQ/HRdwFJY9TXlzCU9rOkhkXczEstI1H4=", "last_login": "2025-03-03T09:11:32.438Z", "is_superuser": false, "username": "hellosunshine", "first_name": "", "last_name": "", "email": "biltohemla@gufum.com", "is_staff": false, "is_active": true, "date_joined": "2025-03-03T09:10:03.360Z", "groups": [], "user_permissions": []}}, {"model": "auth.user", "pk": 19, "fields": {"password": "pbkdf2_sha256$870000$TGqMl22goSKqNSxed5JKMx$S9CEnz7t/LWqdGPMynWDtQs+OiTc7mkkKiWOzedrd+I=", "last_login": "2025-03-03T09:29:27.721Z", "is_superuser": false, "username": "virtogulmu", "first_name": "", "last_name": "", "email": "virtogulmu@gufum.com", "is_staff": false, "is_active": true, "date_joined": "2025-03-03T09:29:27.379Z", "groups": [], "user_permissions": []}}, {"model": "auth.user", "pk": 20, "fields": {"password": "pbkdf2_sha256$870000$sPeQssUmAZeVK2Ys4SRKqq$mWdc8RQImcqi1k9SILiQ6StGjbZ7JN+0tKW4weV8OJo=", "last_login": "2025-03-04T16:05:49.228Z", "is_superuser": false, "username": "spence", "first_name": "", "last_name": "", "email": "sbarriball@me.com", "is_staff": false, "is_active": true, "date_joined": "2025-03-03T11:04:02.440Z", "groups": [], "user_permissions": []}}, {"model": "auth.user", "pk": 21, "fields": {"password": "pbkdf2_sha256$870000$QytCinT6C1qASHPwHoHwGE$8GO2lJZDDsswZdf2rbIduWkn7kNnOku+c4NYbdSuwOk=", "last_login": null, "is_superuser": false, "username": "spencer", "first_name": "", "last_name": "", "email": "sbarriball@me.com", "is_staff": false, "is_active": true, "date_joined": "2025-03-03T11:04:48.395Z", "groups": [], "user_permissions": []}}, {"model": "auth.user", "pk": 22, "fields": {"password": "pbkdf2_sha256$870000$4n0eCZnYGPfshvfb3897aq$mjT5oV+kbSs0mwAxIXUsBFBJVlw0a3DPwQ5A/rTfl2I=", "last_login": "2025-03-03T11:49:29.530Z", "is_superuser": false, "username": "lirzojetru", "first_name": "", "last_name": "", "email": "lirzojetru@gufum.com", "is_staff": false, "is_active": true, "date_joined": "2025-03-03T11:49:29.159Z", "groups": [], "user_permissions": []}}, {"model": "auth.user", "pk": 23, "fields": {"password": "pbkdf2_sha256$870000$nu8w1RKSdjEKOCWjSxsUQt$xfq1BdI5FdSotzpngu1PTQjBGOCnTj1DUNXKomKMB9c=", "last_login": null, "is_superuser": false, "username": "hellobrighton12", "first_name": "", "last_name": "", "email": "lirzojetru@gufum.com", "is_staff": false, "is_active": true, "date_joined": "2025-03-03T11:49:58.651Z", "groups": [], "user_permissions": []}}, {"model": "auth.user", "pk": 24, "fields": {"password": "pbkdf2_sha256$870000$4qXTN7odZ8EplCcmEgc5Gm$ojHiA8XNRom4HwMpDpSPVJfBUq0uH9ZkaCi8rIO8X48=", "last_login": "2025-03-04T10:39:52.356Z", "is_superuser": false, "username": "ziydujikku", "first_name": "", "last_name": "", "email": "ziydujikku@gufum.com", "is_staff": false, "is_active": true, "date_joined": "2025-03-04T10:39:52.015Z", "groups": [], "user_permissions": []}}, {"model": "auth.user", "pk": 25, "fields": {"password": "pbkdf2_sha256$870000$w2vLIr0BTtn6Kdgina5Tv3$4WaPThsiEkEprEljq4EOrSskHTJjBoe/uq64ayErMDI=", "last_login": "2025-03-04T11:48:31.000Z", "is_superuser": false, "username": "kostirispo", "first_name": "", "last_name": "", "email": "kostirispo@gufum.com", "is_staff": false, "is_active": true, "date_joined": "2025-03-04T11:48:30.213Z", "groups": [], "user_permissions": []}}, {"model": "contenttypes.contenttype", "pk": 1, "fields": {"app_label": "admin", "model": "logentry"}}, {"model": "contenttypes.contenttype", "pk": 2, "fields": {"app_label": "auth", "model": "permission"}}, {"model": "contenttypes.contenttype", "pk": 3, "fields": {"app_label": "auth", "model": "group"}}, {"model": "contenttypes.contenttype", "pk": 4, "fields": {"app_label": "auth", "model": "user"}}, {"model": "contenttypes.contenttype", "pk": 5, "fields": {"app_label": "contenttypes", "model": "contenttype"}}, {"model": "contenttypes.contenttype", "pk": 6, "fields": {"app_label": "sessions", "model": "session"}}, {"model": "contenttypes.contenttype", "pk": 7, "fields": {"app_label": "products", "model": "product"}}, {"model": "contenttypes.contenttype", "pk": 8, "fields": {"app_label": "accounts", "model": "customer"}}, {"model": "contenttypes.contenttype", "pk": 9, "fields": {"app_label": "products", "model": "category"}}, {"model": "contenttypes.contenttype", "pk": 10, "fields": {"app_label": "orders", "model": "orderitem"}}, {"model": "contenttypes.contenttype", "pk": 11, "fields": {"app_label": "orders", "model": "order"}}, {"model": "contenttypes.contenttype", "pk": 12, "fields": {"app_label": "products", "model": "skintype"}}, {"model": "contenttypes.contenttype", "pk": 13, "fields": {"app_label": "accounts", "model": "product"}}, {"model": "sessions.session", "pk": "2ovgn2a18y43kh34zmb9a7r7jtevg6op", "fields": {"session_data": ".eJzNjEFqwzAQRa-izFoYY1uy1GW7bi4QBTGWJpbSxAJLJpSSu8eGBNobdPv---8HLC4l2CXTbKOHN2iA_2YDui-atsGfcRpT5dJU5jhUm1I911x9Jk-X96f7JxAwh_VNnRwa1ZLUhA11CnuhHXpUSEK2_UnLwXeqVRI1nUSvsXaIte8F4kodbdEr5Ywj5TV3OBiw9pzT9KIGOKs5awRnBvZxDIV9zIRXht6TZyWx77TM7BZzuMRcdptvwMCRs__ZOsL9AesMhmw:1tpZdi:o3-_f5HpYxJN8ELyaGsZx7KjCvGHy-WrsuHnG11jrjg", "expire_date": "2025-03-05T21:17:22.614Z"}}, {"model": "sessions.session", "pk": "42yk5hrnbtgity0q9824o5sencszsa25", "fields": {"session_data": "eyJzaG9wcGluZ19iYWciOnt9LCJ0b3RhbCI6MC4wfQ:1tpStT:rEanNP0TRLg-YyLhRO5tu-bnpu9kzmu-6mbxIs27vok", "expire_date": "2025-03-05T14:05:11.135Z"}}, {"model": "sessions.session", "pk": "8insf0g31l79nim41s5vrcxrsw3qr49d", "fields": {"session_data": "eyJzaG9wcGluZ19iYWciOnt9LCJ0b3RhbCI6MC4wfQ:1tpXeW:bo4DzBdnDxON9OYh-QmTjtNG_K7e28-lQubReMO1coU", "expire_date": "2025-03-05T19:10:04.336Z"}}, {"model": "sessions.session", "pk": "fmp8byjndr10qug342xqqcm5sgh2yrys", "fields": {"session_data": ".eJyrVirOyC8oyMxLj09KTFeyqlYyAhGFpYl5JZkllUpWhjpKBUWZyalKVgZ6BkBOSX5JYk48klBtLVQQpiK_KCW1KD4zRcnKwrwWAPxCHp8:1to95V:HJhOI0JwHf9Ysu_zpOFrUZChSPLsz3o3Z97jEDK14eQ", "expire_date": "2025-03-01T22:44:09.176Z"}}, {"model": "sessions.session", "pk": "gcwdv4jus022d7iysruf6u6plaib2crc", "fields": {"session_data": ".eJyrVirOyC8oyMxLj09KTFeyqlYyBxGFpYl5JZkllUpWhjpKBUWZyalKViYmegY6SiX5JYk58UhCtbVQQSgXAHAmGlg:1toifT:1LNu_08fX7tpglzmhk9hGds0WTq76j8O_YA9yxFpnuU", "expire_date": "2025-03-03T12:43:39.398Z"}}, {"model": "sessions.session", "pk": "i3k98ef7tu98hdwj41flsou4dfdumgyu", "fields": {"session_data": "eyJzaG9wcGluZ19iYWciOnt9LCJ0b3RhbCI6MC4wfQ:1tpFKL:nOrt3X390A8aOMvAAmuryGD-1dHq9FlUxGDrgoC9V0Y", "expire_date": "2025-03-04T23:36:01.432Z"}}, {"model": "sessions.session", "pk": "n95e4s3kl31ym0gopboigqj5qe9jimzo", "fields": {"session_data": ".eJxVjE0OwiAYBe_C2pCGf1y69wzkAV-laiAp7arx7rZJF7qdmfc2FrAuJayd5jBldmWCXX5ZRHpRPUR-oj4aT60u8xT5kfDTdn5vmd63s_07KOhlX5MyUThJxhMEKQerfUKGA2kj7ehNzMpJZ-Bp1NZjSMCQrQZ2moh9vvmKOLA:1tpYgN:WnecRh2oBqN7hT1XxwIGviKl_5lYGjKmfsXIcguaNlM", "expire_date": "2025-03-05T20:16:03.277Z"}}, {"model": "sessions.session", "pk": "o7vsr8pijwe35qba5hupk6hb4sysukxi", "fields": {"session_data": ".eJyrVirOyC8oyMxLj09KTFeyqlayBBGFpYl5JZkllUpWRjpKBUWZyalAloWegY5SSX5JYk48VMjUTM-gtlZHCbtWQxStIHVgzVBtAI18JpE:1tpX55:rauEn1wctlo_UhsLNiUIjfpsFeqTCT0y5yh_PudhP1M", "expire_date": "2025-03-05T18:33:27.695Z"}}, {"model": "sessions.session", "pk": "r8kt79k2e1211sjd40ejgjvk6cnjvacp", "fields": {"session_data": ".eJyrVirOyC8oyMxLj09KTFeyqlYyBhGFpYl5JZkllUpWRjpKBUWZyalAlpmegY5SSX5JYk48VMjUSM-gVkfJhHQtpqhaDBFaTDC0gISAWsxQtZjAtRgbYWgxNLIA6gFqIsZThHxAyLmE3AZyB9h1QOWmIPMAsMVyIA:1tpXFG:HneVKSqoOCWVKizduOucuvgKHx7bRAhNvYUe9ksnUa8", "expire_date": "2025-03-05T18:43:58.130Z"}}, {"model": "sessions.session", "pk": "rdnm98mk5qe6juejnypbzb4yxn5wm79d", "fields": {"session_data": ".eJxVjEGOwyAMRe_idYSAtAGz7L5niOyAEqYVpAlZjKrcfYhaVdONF37vvyf0tJWp39aw9NGDAy2h-f9kGm4hHcT_UBqzGHIqS2RxKOJNV3HNPtwvb_crMNE61bVVqKz0VnF7QjaEwXeIpj0r3Wo2J4XGW9LGElpJg2ImVNxVSRkftKlRphHcE7rjPDZKJZZfcLaBeYlDANdqIfcG7Dc_f7jGyqtQcqE7OClkA-uU5zmmsX_F9_0P8VlW2A:1tpUoT:ORGQe7VXbvoaQQ89Uh9-IJW4zr94nlU5682vbBS2bu0", "expire_date": "2025-03-05T16:08:09.363Z"}}, {"model": "sessions.session", "pk": "v3uvm5hrm6qbi0szi7qe5yq34k4y87sm", "fields": {"session_data": ".eJxVjEEOgjAQRe8ya9K0Smth6d4zNNOZAlXTIpSFMdxdSTDRzV-89_JfMA95HGPqncce2hcoue1jwVRieUKrKhinSAHagxWygpIL3t0PWtcdfos8cZhcZGibUwUOlzK4Zd4RKPhjHukW0ib4iqnPgnIqU_RiS8RuZ3HJHO7nvf07GHAettsGm07JTuvAZOpwJCRDzEoZPtDRU2f9ybKt7Ud6LakjQl1rw7U0NgRY3yBoVxU:1tp6JS:uxhJmqnCFBepHpf7_kBETAL8Hy4yBEsqK2Pre9Z-LjI", "expire_date": "2025-03-04T13:58:30.385Z"}}, {"model": "sessions.session", "pk": "vmwginbod6olseay8w95mnuav4uypakb", "fields": {"session_data": "e30:1tmENG:Fpv2EkYCGOqIIaNFaCtFHlgE0aQv1NJHUNWSeLYqS_c", "expire_date": "2025-02-24T15:58:34.000Z"}}, {"model": "sessions.session", "pk": "vvmi4c197gg01aqw14unfb6gybg00w59", "fields": {"session_data": ".eJx1j7FuhDAQRP9la2SBwcbrMn2-AY3tvYPkBAmYIjrx72ekK-6KbLHFzJuR5k4D9jwO-ybrMCXypKl61QLit8ynkb4wXxcVlzmvU1Anop7upj6XJLePJ_tWMGIbS1o6G7RrxbJAS-fQG45IcBBj2_7CNqTOtc6C5WJ6Rh2BOvUGKGqUUpqXjBv5rlHs-OVMRQFX8ndqzve7Y85T_iPfVPSzTiXrG1bMR1XG_QNorerjOB58vFVM:1tk9Do:r_KBexVXuvG1Zl4mOgMwTqtGc05eQp7wvsp9G6HU8Mc", "expire_date": "2025-03-03T22:04:12.741Z"}}, {"model": "sessions.session", "pk": "w8v7gjbb2se7arb4wwy1gvnylqayaac0", "fields": {"session_data": ".eJyrVirOyC8oyMxLj09KTFeyqlYyNASRhaWJeSWZJZVKVsY6SgVFmcmpSlamZnoGtTpKZqjyRnB5YyOwvBEueQM9A8NaoIKS_JLEHKAESD1Qlk721gIATARHSQ:1tpF3J:4QkqO3f0PubR6x1FI5ykkXsjOTzfPf2EU5htvqEImSw", "expire_date": "2025-03-04T23:18:25.227Z"}}, {"model": "accounts.customer", "pk": 1, "fields": {"user": 2, "full_name": "Brogan Carpenter", "phone": "07792349369", "email": "brogancarpenter@hotmail.co.uk", "address_line1": "Flat 2", "address_county": "sussex", "address_country": "england", "address_postcode": "bn3221", "created_at": "2025-02-13T11:40:52.965Z", "skin_type": "Dry", "wishlist": [5]}}, {"model": "accounts.customer", "pk": 2, "fields": {"user": 3, "full_name": null, "phone": "01234567777", "email": "annabel@gmail.com", "address_line1": "6 hadden court", "address_county": "hampshire", "address_country": "england", "address_postcode": "te456ht", "created_at": "2025-02-14T14:54:25.190Z", "skin_type": null, "wishlist": []}}, {"model": "accounts.customer", "pk": 3, "fields": {"user": 4, "full_name": null, "phone": null, "email": "brogandaisy@gmail.com", "address_line1": null, "address_county": null, "address_country": null, "address_postcode": null, "created_at": "2025-02-28T23:37:30.447Z", "skin_type": null, "wishlist": []}}, {"model": "accounts.customer", "pk": 8, "fields": {"user": 9, "full_name": null, "phone": null, "email": "info@lugnahomefragrance.co.uk", "address_line1": null, "address_county": null, "address_country": null, "address_postcode": null, "created_at": "2025-03-01T21:15:19.582Z", "skin_type": null, "wishlist": []}}, {"model": "accounts.customer", "pk": 10, "fields": {"user": 11, "full_name": null, "phone": null, "email": "cikecat598@lassora.com", "address_line1": null, "address_county": null, "address_country": null, "address_postcode": null, "created_at": "2025-03-01T21:18:38.875Z", "skin_type": null, "wishlist": []}}, {"model": "accounts.customer", "pk": 11, "fields": {"user": 12, "full_name": null, "phone": null, "email": "faced59673@hartaria.com", "address_line1": null, "address_county": null, "address_country": null, "address_postcode": null, "created_at": "2025-03-01T21:20:00.471Z", "skin_type": null, "wishlist": []}}, {"model": "accounts.customer", "pk": 17, "fields": {"user": 18, "full_name": null, "phone": null, "email": "biltohemla@gufum.com", "address_line1": null, "address_county": null, "address_country": null, "address_postcode": null, "created_at": "2025-03-03T09:10:03.696Z", "skin_type": null, "wishlist": []}}, {"model": "accounts.customer", "pk": 18, "fields": {"user": 19, "full_name": null, "phone": null, "email": "virtogulmu@gufum.com", "address_line1": null, "address_county": null, "address_country": null, "address_postcode": null, "created_at": "2025-03-03T09:29:27.698Z", "skin_type": null, "wishlist": []}}, {"model": "accounts.customer", "pk": 19, "fields": {"user": 20, "full_name": null, "phone": null, "email": "sbarriball@me.com", "address_line1": null, "address_county": null, "address_country": null, "address_postcode": null, "created_at": "2025-03-03T11:04:02.786Z", "skin_type": null, "wishlist": []}}, {"model": "accounts.customer", "pk": 21, "fields": {"user": 22, "full_name": null, "phone": null, "email": "lirzojetru@gufum.com", "address_line1": null, "address_county": null, "address_country": null, "address_postcode": null, "created_at": "2025-03-03T11:49:29.504Z", "skin_type": null, "wishlist": []}}, {"model": "accounts.customer", "pk": 23, "fields": {"user": 24, "full_name": null, "phone": null, "email": "ziydujikku@gufum.com", "address_line1": null, "address_county": null, "address_country": null, "address_postcode": null, "created_at": "2025-03-04T10:39:52.329Z", "skin_type": null, "wishlist": []}}, {"model": "accounts.customer", "pk": 24, "fields": {"user": 25, "full_name": null, "phone": null, "email": "kostirispo@gufum.com", "address_line1": null, "address_county": null, "address_country": null, "address_postcode": null, "created_at": "2025-03-04T11:48:30.859Z", "skin_type": "Combination", "wishlist": []}}, {"model": "products.category", "pk": 1, "fields": {"name": "Cleansers"}}, {"model": "products.category", "pk": 2, "fields": {"name": "Moisturisers"}}, {"model": "products.category", "pk": 3, "fields": {"name": "Serums"}}, {"model": "products.category", "pk": 4, "fields": {"name": "Masks"}}, {"model": "products.category", "pk": 5, "fields": {"name": "Gift Sets"}}, {"model": "products.skintype", "pk": 1, "fields": {"name": "Dry"}}, {"model": "products.skintype", "pk": 2, "fields": {"name": "Oily"}}, {"model": "products.skintype", "pk": 3, "fields": {"name": "Combination"}}, {"model": "products.skintype", "pk": 4, "fields": {"name": "Sensitive"}}, {"model": "products.skintype", "pk": 5, "fields": {"name": "Normal"}}, {"model": "products.product", "pk": 2, "fields": {"name": "Foam Face Cleanser", "price": "24.00", "description": "A gentle, eco-friendly foaming cleanser that deeply cleanses without stripping moisture, perfect for sensitive skin.", "stock": 10, "category": 1, "image": "products/foamfacecleanser.jpg", "created_at": "2025-02-12T17:37:33.211Z", "skin_types": [4, 5]}}, {"model": "products.product", "pk": 3, "fields": {"name": "Oil Face Cleanser", "price": "26.00", "description": "A nourishing oil-based cleanser that dissolves makeup and impurities while maintaining skins natural balance.", "stock": 10, "category": 1, "image": "products/oilcleanser.jpg", "created_at": "2025-02-12T17:37:33.212Z", "skin_types": [2, 4, 5]}}, {"model": "products.product", "pk": 4, "fields": {"name": "Day Cream", "price": "26.00", "description": "A lightweight, hydrating day cream infused with antioxidants for all-day moisture and protection.", "stock": 10, "category": 2, "image": "products/daycream.jpg", "created_at": "2025-02-12T17:37:33.212Z", "skin_types": [1, 4]}}, {"model": "products.product", "pk": 5, "fields": {"name": "Night Cream", "price": "24.00", "description": "A rich, replenishing night cream that deeply nourishes and restores skin overnight.", "stock": 10, "category": 2, "image": "products/nightcream.jpg", "created_at": "2025-02-12T17:37:33.212Z", "skin_types": [1, 4]}}, {"model": "products.product", "pk": 6, "fields": {"name": "Vitamin C Serum", "price": "32.00", "description": "A potent yet gentle vitamin C serum that brightens and evens skin tone while protecting against environmental stressors.", "stock": 10, "category": 3, "image": "products/vitc.jpg", "created_at": "2025-02-12T17:37:33.212Z", "skin_types": [3, 5]}}, {"model": "products.product", "pk": 7, "fields": {"name": "Retinal Serum", "price": "44.00", "description": "A high-performance retinal serum that smooths fine lines and enhances skin renewal without irritation.", "stock": 10, "category": 3, "image": "products/retinal.jpg", "created_at": "2025-02-12T17:37:33.212Z", "skin_types": [3, 5]}}, {"model": "products.product", "pk": 8, "fields": {"name": "Hyaluronic Acid Serum", "price": "29.00", "description": "A deeply hydrating serum that plumps and smooths skin with pure, eco-sourced hyaluronic acid.", "stock": 10, "category": 3, "image": "products/ha.jpg", "created_at": "2025-02-12T17:37:33.212Z", "skin_types": [1, 4, 5]}}, {"model": "products.product", "pk": 9, "fields": {"name": "Clay Mask", "price": "28.00", "description": "A purifying clay mask that detoxifies and refines pores without drying out sensitive skin.", "stock": 10, "category": 4, "image": "products/claymask.jpg", "created_at": "2025-02-12T17:37:33.213Z", "skin_types": [2, 3]}}, {"model": "products.product", "pk": 10, "fields": {"name": "Hydration Mask", "price": "28.00", "description": "An ultra-hydrating mask that replenishes moisture and soothes even the most sensitive skin.", "stock": 10, "category": 4, "image": "products/hydrationmask.jpg", "created_at": "2025-02-12T17:37:33.213Z", "skin_types": [1, 4]}}, {"model": "products.product", "pk": 11, "fields": {"name": "The Starter Set", "price": "56.00", "description": "A curated set of skincare essentials for a simple yet effective routine, perfect for beginners.", "stock": 10, "category": 5, "image": "products/starterset.jpg", "created_at": "2025-02-12T17:37:33.213Z", "skin_types": [4, 5]}}, {"model": "products.product", "pk": 12, "fields": {"name": "Overnight Set", "price": "42.00", "description": "A luxurious nighttime skincare set designed to hydrate, repair, and rejuvenate while you sleep.", "stock": 10, "category": 5, "image": "products/overnightset.jpg", "created_at": "2025-02-12T17:37:33.213Z", "skin_types": [3, 5]}}, {"model": "orders.order", "pk": 81, "fields": {"user": 1, "email": null, "status": "PAID", "total_price": "24.00", "stripe_payment_intent": "cs_test_a1P7X7OJMRwRHBzNlbq3lDIweXRDmG5KeY3q6tDdTd5ygQ2riMgWdDYiz1", "created_at": "2025-02-23T13:56:46.388Z", "updated_at": "2025-02-23T13:57:12.326Z", "shipping_name": "brogan", "shipping_address": "12 Testard Road", "shipping_city": "Guildford", "shipping_postcode": "GU2 4JT", "shipping_country": "GB"}}, {"model": "orders.order", "pk": 82, "fields": {"user": 1, "email": null, "status": "DELIVERED", "total_price": "29.00", "stripe_payment_intent": "cs_test_a1IWlcF4jZ6S7rhAseRTTxYiX0tHwxW0bwuHS0OpFZWpwuJSsDZawMT0XB", "created_at": "2025-02-23T15:48:26.189Z", "updated_at": "2025-03-03T22:26:38.921Z", "shipping_name": "brogan", "shipping_address": "123 Westbourne Road", "shipping_city": "Birmingham", "shipping_postcode": "B21 8AU", "shipping_country": "GB"}}, {"model": "orders.order", "pk": 89, "fields": {"user": 4, "email": "brogandaisy@gmail.com", "status": "PENDING", "total_price": "24.00", "stripe_payment_intent": "cs_live_a1ADVgcum12t475LcNB97jybpTPQkICWuNv74htEU1YFCSAnCPATeFpYOY", "created_at": "2025-03-01T10:52:36.726Z", "updated_at": "2025-03-01T20:08:50.407Z", "shipping_name": null, "shipping_address": null, "shipping_city": null, "shipping_postcode": null, "shipping_country": null}}, {"model": "orders.order", "pk": 90, "fields": {"user": 9, "email": "info@lugnahomefragrance.co.uk", "status": "PENDING", "total_price": "105.00", "stripe_payment_intent": "cs_live_b1ExCcf6LsR6n42gKbHDR46yksQNt3ZxiX2g7MtbiDk2f0ZiItqrUiBKwO", "created_at": "2025-03-01T21:16:15.091Z", "updated_at": "2025-03-01T21:16:37.985Z", "shipping_name": null, "shipping_address": null, "shipping_city": null, "shipping_postcode": null, "shipping_country": null}}, {"model": "orders.order", "pk": 91, "fields": {"user": null, "email": "brogandaisy@gmail.com", "status": "SHIPPED", "total_price": "49.99", "stripe_payment_intent": null, "created_at": "2025-03-01T21:48:27.411Z", "updated_at": "2025-03-03T23:19:28.202Z", "shipping_name": null, "shipping_address": null, "shipping_city": null, "shipping_postcode": null, "shipping_country": null}}, {"model": "orders.order", "pk": 92, "fields": {"user": null, "email": "brogandaisy@gmail.com", "status": "PROCESSING", "total_price": "49.99", "stripe_payment_intent": null, "created_at": "2025-03-01T21:50:05.689Z", "updated_at": "2025-03-03T22:23:16.070Z", "shipping_name": null, "shipping_address": null, "shipping_city": null, "shipping_postcode": null, "shipping_country": null}}, {"model": "orders.order", "pk": 94, "fields": {"user": 1, "email": "brogancarpenter@hotmail.co.uk", "status": "PENDING", "total_price": "26.00", "stripe_payment_intent": "cs_live_a1gElgkrVEgGiCYevXVVnvl60zzUOYO19Uy7IJ9eOXd8IJxDu1KTLwVeFg", "created_at": "2025-03-03T08:38:56.051Z", "updated_at": "2025-03-03T08:38:56.606Z", "shipping_name": null, "shipping_address": null, "shipping_city": null, "shipping_postcode": null, "shipping_country": null}}, {"model": "orders.order", "pk": 98, "fields": {"user": 1, "email": "brogancarpenter@hotmail.co.uk", "status": "PENDING", "total_price": "0.02", "stripe_payment_intent": "cs_live_a1b9wfg07xD4EmxSmVdkseSnF2MrFGQjaDkFVoyzGIQ5FyYF2iE5zEFBzR", "created_at": "2025-03-03T17:43:11.447Z", "updated_at": "2025-03-03T17:43:12.006Z", "shipping_name": null, "shipping_address": null, "shipping_city": null, "shipping_postcode": null, "shipping_country": null}}, {"model": "orders.order", "pk": 102, "fields": {"user": 1, "email": "brogancarpenter@hotmail.co.uk", "status": "PAID", "total_price": "28.00", "stripe_payment_intent": "cs_test_a1OAzmEMqTX76jWelxz7kiXt1kAitgqrr7UShsGbFu3mtNakesIjWmleuq", "created_at": "2025-03-04T10:00:06.264Z", "updated_at": "2025-03-04T10:59:38.876Z", "shipping_name": "brogan", "shipping_address": "9 Saint Joseph's Street", "shipping_city": "London", "shipping_postcode": "SW8 4EU", "shipping_country": "GB"}}, {"model": "orders.order", "pk": 107, "fields": {"user": null, "email": "brogancarpenter@hotmail.co.uk", "status": "PAID", "total_price": "102.00", "stripe_payment_intent": "cs_test_b1oSKdQRddFTQINCHduPag96zcHAwbjRYmnkZGhwpVpUjUFAbORFoRR0kJ", "created_at": "2025-03-04T10:15:40.135Z", "updated_at": "2025-03-04T10:16:06.760Z", "shipping_name": "brogan", "shipping_address": "9 Saint Joseph's Street", "shipping_city": "London", "shipping_postcode": "SW8 4EU", "shipping_country": "GB"}}, {"model": "orders.order", "pk": 108, "fields": {"user": 24, "email": "ziydujikku@gufum.com", "status": "PAID", "total_price": "102.00", "stripe_payment_intent": "cs_test_b1N8C1hFtaEK26kOggrd3NP1tAMMH518QWMjXs96zgfUmE8qz8xNoJ9R9F", "created_at": "2025-03-04T10:40:19.331Z", "updated_at": "2025-03-04T10:40:53.780Z", "shipping_name": "ziydujikku", "shipping_address": "40 Hanway Street", "shipping_city": "London", "shipping_postcode": "W1T 1UT", "shipping_country": "GB"}}, {"model": "orders.order", "pk": 109, "fields": {"user": 2, "email": "", "status": "CANCELLED", "total_price": "48.00", "stripe_payment_intent": "cs_test_a1camZVSU2LN1j2QpefmSoOubKI1Yph2Sw1I37Y0PbWlS1DnQt9MeFlkeu", "created_at": "2025-03-04T12:10:01.144Z", "updated_at": "2025-03-04T12:10:38.171Z", "shipping_name": null, "shipping_address": null, "shipping_city": null, "shipping_postcode": null, "shipping_country": null}}, {"model": "orders.order", "pk": 111, "fields": {"user": 2, "email": "brogancarpenter@hotmail.co.uk", "status": "PAID", "total_price": "48.00", "stripe_payment_intent": "cs_test_a1QoLuKvOuLyTdWEpK5xduMERaYpVvOLptJzrjpMIuwuHI78KEOW1fAq3p", "created_at": "2025-03-04T12:11:06.867Z", "updated_at": "2025-03-04T12:11:27.880Z", "shipping_name": "brogan", "shipping_address": "9 Saint Joseph's Street", "shipping_city": "London", "shipping_postcode": "SW8 4EU", "shipping_country": "GB"}}, {"model": "orders.order", "pk": 112, "fields": {"user": 20, "email": "sbarriball@me.com", "status": "PAID", "total_price": "401.00", "stripe_payment_intent": "cs_test_b1UFdK8eAKrEBWtl2wGBXF5jTMvBfk2ptLVlDPHFZb8TLb2n7iB73IzspY", "created_at": "2025-03-04T16:07:21.917Z", "updated_at": "2025-03-04T16:07:44.236Z", "shipping_name": "Spencer Barriball", "shipping_address": "12 Hingston View", "shipping_city": "Moretonhampstead", "shipping_postcode": "TQ13 8FW", "shipping_country": "GB"}}, {"model": "orders.orderitem", "pk": 44, "fields": {"order": 81, "product": 5, "quantity": 1, "price": "24.00"}}, {"model": "orders.orderitem", "pk": 45, "fields": {"order": 82, "product": 8, "quantity": 1, "price": "29.00"}}, {"model": "orders.orderitem", "pk": 53, "fields": {"order": 89, "product": 5, "quantity": 1, "price": "24.00"}}, {"model": "orders.orderitem", "pk": 54, "fields": {"order": 90, "product": 6, "quantity": 1, "price": "32.00"}}, {"model": "orders.orderitem", "pk": 55, "fields": {"order": 90, "product": 7, "quantity": 1, "price": "44.00"}}, {"model": "orders.orderitem", "pk": 56, "fields": {"order": 90, "product": 8, "quantity": 1, "price": "29.00"}}, {"model": "orders.orderitem", "pk": 58, "fields": {"order": 94, "product": 4, "quantity": 1, "price": "26.00"}}, {"model": "orders.orderitem", "pk": 64, "fields": {"order": 98, "product": 2, "quantity": 2, "price": "0.01"}}, {"model": "orders.orderitem", "pk": 72, "fields": {"order": 102, "product": 10, "quantity": 1, "price": "28.00"}}, {"model": "orders.orderitem", "pk": 81, "fields": {"order": 107, "product": 2, "quantity": 1, "price": "24.00"}}, {"model": "orders.orderitem", "pk": 82, "fields": {"order": 107, "product": 3, "quantity": 2, "price": "26.00"}}, {"model": "orders.orderitem", "pk": 83, "fields": {"order": 107, "product": 4, "quantity": 1, "price": "26.00"}}, {"model": "orders.orderitem", "pk": 84, "fields": {"order": 108, "product": 2, "quantity": 1, "price": "24.00"}}, {"model": "orders.orderitem", "pk": 85, "fields": {"order": 108, "product": 3, "quantity": 1, "price": "26.00"}}, {"model": "orders.orderitem", "pk": 86, "fields": {"order": 108, "product": 4, "quantity": 2, "price": "26.00"}}, {"model": "orders.orderitem", "pk": 87, "fields": {"order": 109, "product": 5, "quantity": 2, "price": "24.00"}}, {"model": "orders.orderitem", "pk": 89, "fields": {"order": 111, "product": 5, "quantity": 2, "price": "24.00"}}, {"model": "orders.orderitem", "pk": 90, "fields": {"order": 112, "product": 6, "quantity": 8, "price": "32.00"}}, {"model": "orders.orderitem", "pk": 91, "fields": {"order": 112, "product": 8, "quantity": 5, "price": "29.00"}}]